question_id,category_lv1,category_lv2,category_lv3,difficulty,question_text,option_1,option_2,option_3,option_4,correct_answer,explanation
JLPT_N1_LK_Ch_001,言語知識,文字,漢字読み,3,この辞書（じしょ）は学習者（がくしゅうしゃ）に必要な語彙（ごい）を完全に<u>網羅</u>している。,もうら,もら,ぼうら,もうりょう,もうら,（Phase-3で作成）
JLPT_N1_LK_Ch_002,言語知識,文字,漢字読み,3,怪我（けが）をした児童（じどう）に対して、担当医（たんとうい）が<u>迅速</u>な処置（しょち）を行った。,じんそく,しんそく,じんぞく,じんそっ,じんそく,（Phase-3で作成）
JLPT_N1_LK_Ch_003,言語知識,文字,漢字読み,3,近所（きんじょ）の噂（うわさ）話（ばなし）は、時に事実（じじつ）を<u>誇張</u>して伝えられがちだ。,こちょう,ごちょう,こじょう,ほちょう,こちょう,（Phase-3で作成）
JLPT_N1_LK_Ch_004,言語知識,文字,漢字読み,3,公式（こうしき）サイトで最新（さいしん）の展示（てんじ）情報を<u>閲覧</u>できるようになりました。,えつらん,えんらん,かんらん,えつりん,えつらん,（Phase-3で作成）
JLPT_N1_LK_Ch_005,言語知識,文字,漢字読み,3,糖質（とうしつ）の摂取（せっしゅ）を<u>抑制</u>することで、健（すこ）やかな体作りを目指しましょう。,よくせい,よくしょう,よくぜい,いくせい,よくせい,（Phase-3で作成）
JLPT_N1_LK_Ch_006,言語知識,文字,漢字読み,3,入店（にゅうてん）時にこの画面（がめん）を<u>提示</u>すれば、ドリンクが無料（むりょう）になります。,ていじ,だいじ,ていし,じょうじ,ていじ,（Phase-3で作成）
JLPT_N1_LK_Ch_007,言語知識,文字,漢字読み,3,気象庁（きしょうちょう）によると、大雨（おおあめ）の影響（えいきょう）で山頂（さんちょう）付近（ふきん）の地盤（じばん）が<u>崩壊</u>したとのことだ。,ほうかい,ほうき,ぼうかい,ほうがい,ほうかい,（Phase-3で作成）
JLPT_N1_LK_Ch_008,言語知識,文字,漢字読み,3,この要件（ようけん）に<u>該当</u>する企業（きぎょう）は、支援金（しえんきん）の支給（しきゅう）対象（たいしょう）となる。,がいとう,かいとう,がいどう,がいとうし,がいとう,（Phase-3で作成）
JLPT_N1_LK_Ch_009,言語知識,文字,漢字読み,3,予算（よさん）案（あん）を巡（めぐ）る議論（ぎろん）は<u>紛糾</u>し、採決（さいけつ）が延期（えんき）された。,ふんきゅう,ふんきょう,ぶんきゅう,ふんしゅう,ふんきゅう,（Phase-3で作成）
JLPT_N1_LK_Ch_010,言語知識,文字,漢字読み,3,労働局（ろうどうきょく）は事業主（じぎょうぬし）に対し、速（すみや）やかに是正（ぜせい）措置（そち）を講（こう）じるよう<u>勧告</u>した。,かんこく,けんこく,かんごく,かんこう,かんこく,（Phase-3で作成）
JLPT_N1_LK_Ch_011,言語知識,文字,漢字読み,3,複雑（ふくざつ）な概念（がいねん）を<u>抽象</u>化して分かりやすく説明する。,ちゅうしょう,ちゅうぞう,しゅうしょう,ちゅうそう,ちゅうしょう,（Phase-3で作成）
JLPT_N1_LK_Ch_012,言語知識,文字,漢字読み,3,他人（たにん）の権利（けんり）を<u>侵害</u>するような行為（こうい）は許（ゆる）されない。,しんがい,しんけい,じんがい,しんかい,しんがい,（Phase-3で作成）
JLPT_N1_LK_Ch_013,言語知識,文字,漢字読み,3,相手（あいて）からの提案（ていあん）をあっさりと<u>拒絶</u>してしまった。,きょぜつ,きょだつ,きょせつ,きょっせつ,きょぜつ,（Phase-3で作成）
JLPT_N1_LK_Ch_014,言語知識,文字,漢字読み,3,環境（かんきょう）破壊（はかい）への<u>懸念</u>が高（たか）まる中（なか）、新しい商品（しょうひん）が注目（ちゅうもく）されている。,けねん,けんねん,けいねん,かねん,けねん,（Phase-3で作成）
JLPT_N1_LK_Ch_015,言語知識,文字,漢字読み,3,旅先（たびさき）で思いがけない絶景（ぜっけい）に<u>遭遇</u>する旅（たび）に出かけよう。,そうぐう,しょうぐう,そうこう,そうくう,そうぐう,（Phase-3で作成）
JLPT_N1_LK_Ch_016,言語知識,文字,漢字読み,3,毎日の疲労（ひろう）が<u>累積</u>する前（まえ）に、十分（じゅうぶん）な休日（きゅうじつ）を過ごしましょう。,るいせき,らいせき,るいしゃく,るいぜき,るいせき,（Phase-3で作成）
JLPT_N1_LK_Ch_017,言語知識,文字,漢字読み,3,警察（けいさつ）は事件（じけん）に関与（かんよ）したと見（み）られる容疑者（ようぎしゃ）を<u>拘束</u>した。,こうそく,くそく,こうぞく,ちょくそく,こうそく,（Phase-3で作成）
JLPT_N1_LK_Ch_018,言語知識,文字,漢字読み,3,政府（せいふ）は地域（ちいき）経済（けいざい）の<u>促進</u>を図（はか）るための政策（せいさく）を打ち出した。,そくしん,しょくしん,そくじん,そくせん,そくしん,（Phase-3で作成）
JLPT_N1_LK_Ch_019,言語知識,文字,漢字読み,3,被災地（ひさいち）では救援（きゅうえん）物資（ぶっし）の<u>欠乏</u>が深刻（しんこく）な問題（もんだい）となっている。,けつぼう,けつほう,けつむ,かんぼう,けつぼう,（Phase-3で作成）
JLPT_N1_LK_Ch_020,言語知識,文字,漢字読み,3,用地（ようち）の<u>買収</u>に関する手続（てつづ）きを公正（こうせい）に進める必要がある。,ばいしゅう,ばいじゅう,まいしゅう,ばいしゅ,ばいしゅう,（Phase-3で作成）
JLPT_N1_LK_Ch_021,言語知識,文字,漢字読み,3,研修（けんしゅう）のため、若手（わかて）教員（きょういん）を海外（かいがい）に<u>派遣</u>することになった。,はけん,はかん,ばけん,はけい,はけん,（Phase-3で作成）
JLPT_N1_LK_Ch_022,言語知識,文字,漢字読み,3,お互（たが）いの主張（しゅちょう）を譲（ゆず）らず、最後まで<u>妥協</u>しなかった。,だきょう,たきょう,だこう,だけい,だきょう,（Phase-3で作成）
JLPT_N1_LK_Ch_023,言語知識,文字,漢字読み,3,医師（いし）に手術（しゅじゅつ）のリスクを説明（せつめい）され、家族（かぞく）で話し合って<u>承諾</u>した。,しょうだく,じょうだく,しょうたく,しょうろく,しょうだく,（Phase-3で作成）
JLPT_N1_LK_Ch_024,言語知識,文字,漢字読み,3,新人（しんじん）シェフが有名（ゆうめい）店での修行（しゅぎょう）に<u>奮闘</u>する姿（すがた）を応援（おうえん）しよう。,ふんとう,ふんどう,ほんとう,ふんちょう,ふんとう,（Phase-3で作成）
JLPT_N1_LK_Ch_025,言語知識,文字,漢字読み,3,週末（しゅうまつ）は温泉（おんせん）旅館（りょかん）で極上（ごくじょう）のひとときを<u>満喫</u>しませんか。,まんきつ,まんきゅう,まんけつ,ばんきつ,まんきつ,（Phase-3で作成）
JLPT_N1_LK_Ch_026,言語知識,文字,漢字読み,3,最新（さいしん）号（ごう）の特集（とくしゅう）記事（きじ）に、注目（ちゅうもく）のレストランが<u>掲載</u>されています。,けいさい,けいしょう,さいけい,けいせん,けいさい,（Phase-3で作成）
JLPT_N1_LK_Ch_027,言語知識,文字,漢字読み,3,調査（ちょうさ）委員会（いいんかい）の報告（ほうこく）によると、論文（ろんぶん）のデータが<u>捏造</u>されていたことが判明（はんめい）した。,ねつぞう,でんぞう,ねっぞう,くりぞう,ねつぞう,（Phase-3で作成）
JLPT_N1_LK_Ch_028,言語知識,文字,漢字読み,3,警察（けいさつ）の発表（はっぴょう）によると、容疑者（ようぎしゃ）は隣県（りんけん）のアパートに<u>潜伏</u>していた模様（もよう）だ。,せんぷく,ぜんぷく,せんふく,じゅんぷく,せんぷく,（Phase-3で作成）
JLPT_N1_LK_Ch_029,言語知識,文字,漢字読み,3,両国（りょうこく）の代表（だいひょう）は、貿易（ぼうえき）促進（そくしん）に向けた協定（きょうてい）を<u>締結</u>したとのことだ。,ていけつ,じょうけつ,ていけい,ていかん,ていけつ,（Phase-3で作成）
JLPT_N1_LK_Ch_030,言語知識,文字,漢字読み,3,法令（ほうれい）の改正（かいせい）に伴（ともな）い、新たな基準（きじゅん）を本日（ほんじつ）付けで<u>告示</u>する。,こくじ,こくし,こくじつ,ごくじ,こくじ,（Phase-3で作成）
JLPT_N1_LK_Ch_031,言語知識,文字,漢字読み,3,グループワークで他者（たしゃ）との<u>摩擦</u>を恐（おそ）れずに意見（いけん）を交（かわ）わそう。,まさつ,しょうさつ,まさっ,まさく,まさつ,（Phase-3で作成）
JLPT_N1_LK_Ch_032,言語知識,文字,漢字読み,3,この理論（りろん）にはいくつかの<u>矛盾</u>が含まれていることが指摘（してき）された。,むとん,むじゅん,ぼうじゅん,むじょん,むじゅん,（Phase-3で作成）
JLPT_N1_LK_Ch_033,言語知識,文字,漢字読み,3,会社（かいしゃ）は今回の事業（じぎょう）で生じた損失（そんしつ）を全額（ぜんがく）<u>補填</u>した。,ほちん,ほれん,ほてん,ふてん,ほてん,（Phase-3で作成）
JLPT_N1_LK_Ch_034,言語知識,文字,漢字読み,3,旅先（たびさき）の市場（いちば）で新鮮（しんせん）な海（うみ）の幸（さち）を心ゆくまで<u>堪能</u>しましょう。,かんのう,たんのう,じんのう,たんろう,たんのう,（Phase-3で作成）
JLPT_N1_LK_Ch_035,言語知識,文字,漢字読み,3,伝統（でんとう）芸能（げいのう）の美しい舞（まい）が観客（かんきゃく）を<u>魅了</u>している。,みりょう,みりょうく,まりょう,みりよう,みりょう,（Phase-3で作成）
JLPT_N1_LK_Ch_036,言語知識,文字,漢字読み,3,海外（かいがい）市場（しじょう）での<u>躍進</u>により、同社（どうしゃ）の売上（うりあげ）は過去（かこ）最高（さいこう）を記録（きろく）した。,たくしん,やくじん,やくしん,ようしん,やくしん,（Phase-3で作成）
JLPT_N1_LK_Ch_037,言語知識,文字,漢字読み,3,内部（ないぶ）告発（こくはつ）により、長年（ながねん）にわたる不正（ふせい）取引（とりひき）の実態（じったい）が<u>暴露</u>された。,ばくろ,ぼうろ,ばくろう,ばくそ,ばくろ,（Phase-3で作成）
JLPT_N1_LK_Ch_038,言語知識,文字,漢字読み,3,火山（かざん）噴火（ふんか）の恐れがあるため、周辺（しゅうへん）住民（じゅうみん）に直ちに<u>避難</u>するよう指示（しじ）が出された。,ひらん,びなん,ひなん,へいなん,ひなん,（Phase-3で作成）
JLPT_N1_LK_Ch_039,言語知識,文字,漢字読み,3,捜査（そうさ）当局（とうきょく）は、組織（そしき）的な証拠（しょうこ）の<u>隠蔽</u>工作（こうさく）が行われたとみて調（しら）べている。,いんへい,おんぺい,いんぺい,いんべい,いんぺい,（Phase-3で作成）
JLPT_N1_LK_Ch_040,言語知識,文字,漢字読み,3,契約（けいやく）当事者（とうじしゃ）は、合意（ごうい）された義務（ぎむ）を誠実（せいじつ）に<u>履行</u>しなければならない。,りこう,りぎょう,れいこう,りこうく,りこう,（Phase-3で作成）
JLPT_N1_LK_Ch_041,言語知識,文字,漢字読み,3,研究者（けんきゅうしゃ）たちは問題（もんだい）の解決（かいけつ）に向けて<u>模索</u>を続（つづ）けている。,もさく,ぼさく,もそく,ぼくさく,もさく,（Phase-3で作成）
JLPT_N1_LK_Ch_042,言語知識,文字,漢字読み,3,地方（ちほう）の過疎化（かそか）が深刻化（しんこくか）することを<u>危惧</u>する声（こえ）があがっている。,きぐ,ぎぐ,きこう,けぐ,きぐ,（Phase-3で作成）
JLPT_N1_LK_Ch_043,言語知識,文字,漢字読み,3,多文化（たぶんか）共生（きょうせい）の社会（しゃかい）をつくるには互（たが）いの文化（ぶんか）に<u>寛容</u>であることが大切（たいせつ）だ。,かんよう,かんしょう,くんよう,かんゆ,かんよう,（Phase-3で作成）
JLPT_N1_LK_Ch_044,言語知識,文字,漢字読み,3,<u>洗練</u>されたデザインの家具（かぐ）を取り入れて素敵（すてき）な空間（くうかん）を作りましょう。,せんれん,せんかん,ぜんれん,せんりん,せんれん,（Phase-3で作成）
JLPT_N1_LK_Ch_045,言語知識,文字,漢字読み,3,若手（わかて）シェフが考案（こうあん）した<u>斬新</u>なアイデア料理（りょうり）が話題（わだい）を集（あつ）めている。,ざんしん,さんしん,ざんせい,ざんれん,ざんしん,（Phase-3で作成）
JLPT_N1_LK_Ch_046,言語知識,文字,漢字読み,3,職人（しょくにん）の<u>繊細</u>な手（て）仕事（しごと）から生（う）まれる伝統（でんとう）工芸品（こうげいひん）の魅力（みりょく）を体験（たいけん）してみませんか。,せんさい,ぜんさい,せんし,しんさい,せんさい,（Phase-3で作成）
JLPT_N1_LK_Ch_047,言語知識,文字,漢字読み,3,現場（げんば）に駆けつけた救急隊（きゅうきゅうたい）により、傷病者（しょうびょうしゃ）が病院（びょういん）へ<u>搬送</u>された。,はんそう,ばんそう,はんしゅう,まんそう,はんそう,（Phase-3で作成）
JLPT_N1_LK_Ch_048,言語知識,文字,漢字読み,3,輸出（ゆしゅつ）の減少（げんしょう）に伴（ともな）い、国内（こくない）の生産（せいさん）活動（かつどう）が<u>停滞</u>しているとのことだ。,ていたい,じょうたい,ていたいく,ていちょう,ていたい,（Phase-3で作成）
JLPT_N1_LK_Ch_049,言語知識,文字,漢字読み,3,捜査（そうさ）本部は関係（かんけい）先から偽造（ぎぞう）カードなどの証拠品（しょうこひん）を<u>押収</u>したと発表（はっぴょう）した。,おうしゅう,おっしゅう,おうじゅう,おうしゅ,おうしゅう,（Phase-3で作成）
JLPT_N1_LK_Ch_050,言語知識,文字,漢字読み,3,所定（しょてい）の手続（てつづ）きを行うことで、対象者（たいしょうしゃ）は手数料（てすうりょう）の支払（しはら）いが<u>免除</u>される。,めんじょ,めんぞう,べんじょ,めんしょう,めんじょ,（Phase-3で作成）
JLPT_N1_LK_Ch_051,言語知識,文字,漢字読み,3,専門家（せんもんか）が今後の動向（どうこう）について<u>示唆</u>を与えた。,しさ,じさ,ししゃ,じしゃ,しさ,（Phase-3で作成）
JLPT_N1_LK_Ch_052,言語知識,文字,漢字読み,3,近年の研究（けんきゅう）により、特定（とくてい）の遺伝子（いでんし）に<u>顕著</u>な差異（さい）が見られることが分かった。,けんしゃ,けんちょ,げんちょ,けんしょう,けんちょ,（Phase-3で作成）
JLPT_N1_LK_Ch_053,言語知識,文字,漢字読み,3,無理（むり）な計画（けいかく）で家計（かけい）が<u>破綻</u>しないよう注意（ちゅうい）しましょう。,はたん,はじょう,ばたん,はじょ,はたん,（Phase-3で作成）
JLPT_N1_LK_Ch_054,言語知識,文字,漢字読み,3,限定（げんてい）アイテムを<u>獲得</u>するチャンスを逃（のが）さないようにしよう。,かくとう,かくとく,わかりとく,きゃくとく,かくとく,（Phase-3で作成）
JLPT_N1_LK_Ch_055,言語知識,文字,漢字読み,3,過去（かこ）の成功（せいこう）体験（たいけん）に<u>執着</u>せず、新しいチャレンジを楽しもう。,しゅうちゃく,しょうちゃく,しつちゃく,しゅうちょく,しゅうちゃく,（Phase-3で作成）
JLPT_N1_LK_Ch_056,言語知識,文字,漢字読み,3,時代（じだい）の変化（へんか）を見抜（みぬ）く深い<u>洞察</u>力を身につけよう。,どうさつ,とうさつ,どうさく,どうせつ,どうさつ,（Phase-3で作成）
JLPT_N1_LK_Ch_057,言語知識,文字,漢字読み,3,警察（けいさつ）は容疑者（ようぎしゃ）が証拠（しょうこ）を<u>隠滅</u>しようとしたとみている。,おんめつ,いんめつ,いんべつ,あんめつ,いんめつ,（Phase-3で作成）
JLPT_N1_LK_Ch_058,言語知識,文字,漢字読み,3,山林（さんりん）に産業（さんぎょう）廃棄物（はいきぶつ）を<u>投棄</u>した疑（うたが）いで業者が逮捕（たいほ）されたとのことだ。,とうき,なげき,どうき,とうぎ,とうき,（Phase-3で作成）
JLPT_N1_LK_Ch_059,言語知識,文字,漢字読み,3,英国（えいこく）が国際（こくさい）組織（そしき）からの<u>離脱</u>を決断（けつだん）したニュースが世界（せかい）を揺（ゆ）るがした。,りだつ,りぬけ,れいだつ,りだっ,りだつ,（Phase-3で作成）
JLPT_N1_LK_Ch_060,言語知識,文字,漢字読み,3,審議会（しんぎかい）は新法（しんぽう）制定（せいてい）に向けた<u>答申</u>を提出（ていしゅつ）した。,とうしん,どうしん,こたえしん,とうじん,とうしん,（Phase-3で作成）
JLPT_N1_LK_Ch_061,言語知識,文字,漢字読み,3,市場（しじょう）の価格（かかく）形成（けいせい）に政府（せいふ）が不必要（ふひつよう）に<u>介入</u>することは避（さ）けるべきだ。,かいにゅう,けいにゅう,かいしょう,がいにゅう,かいにゅう,（Phase-3で作成）
JLPT_N1_LK_Ch_062,言語知識,文字,漢字読み,3,組織（そしき）の内部（ないぶ）<u>統制</u>を強化（きょうか）するためのガイドラインを作成（さくせい）した。,とうせい,どうせい,とうしょう,とくせい,とうせい,（Phase-3で作成）
JLPT_N1_LK_Ch_063,言語知識,文字,漢字読み,3,古い慣習（かんしゅう）から<u>脱却</u>し、新しい学習（がくしゅう）スタイルを採（と）り入れよう。,だっきゃく,だっきょく,たっきゃく,だっかく,だっきゃく,（Phase-3で作成）
JLPT_N1_LK_Ch_064,言語知識,文字,漢字読み,3,擦り傷（すりきず）の自然（しぜん）<u>治癒</u>を助（たす）ける最新（さいしん）の絆創膏（ばんそうこう）を試（ため）してみませんか。,ちゆ,じゆ,じゆう,ちゆう,ちゆ,（Phase-3で作成）
JLPT_N1_LK_Ch_065,言語知識,文字,漢字読み,3,週末（しゅうまつ）は豊かな自然（しぜん）の中で穏（おだ）やかな時間を<u>享受</u>しましょう。,きょうじゅ,こうじゅ,きょうしゅ,きょうじゅう,きょうじゅ,（Phase-3で作成）
JLPT_N1_LK_Ch_066,言語知識,文字,漢字読み,3,著名（ちょめい）な画家（がか）から美術館（びじゅつかん）へ貴重（きちょう）な作品（さくひん）が<u>寄贈</u>されました。,きぞう,きそう,ぎぞう,きぞん,きぞう,（Phase-3で作成）
JLPT_N1_LK_Ch_067,言語知識,文字,漢字読み,3,警察（けいさつ）は山中（さんちゅう）で消息（しょうそく）を絶（た）った登山者（とざんしゃ）の<u>捜索</u>を再開（さいかい）した。,そうさく,しょうさく,そうさくぐ,ぞうさく,そうさく,（Phase-3で作成）
JLPT_N1_LK_Ch_068,言語知識,文字,漢字読み,3,都市部（としぶ）への人口（じんこう）集中（しゅうちゅう）に伴（ともな）い、インフラ整備（せいび）費用（ひよう）が<u>膨張</u>しているとのことだ。,ぼうちょう,ほうちょう,ぼうじょう,ぼうちょ,ぼうちょう,（Phase-3で作成）
JLPT_N1_LK_Ch_069,言語知識,文字,漢字読み,3,難航（なんこう）していた労使（ろうし）交渉（こうしょう）は、賃（ち）上げ案（あん）の受（う）け入（い）れで<u>妥結</u>したと発表（はっぴょう）された。,だけつ,たけつ,だっけつ,だけい,だけつ,（Phase-3で作成）
JLPT_N1_LK_Ch_070,言語知識,文字,漢字読み,3,新制度（しんせいど）の実施（じっし）に先立（さきだ）ち、関係（かんけい）機関（きかん）へ<u>暫定</u>基準（きじゅん）を通知（つうち）する。,ざんてい,じんてい,ざんじょう,さんてい,ざんてい,（Phase-3で作成）
JLPT_N1_LK_Ch_071,言語知識,文字,漢字読み,3,前任者（ぜんにんしゃ）の指導（しどう）方針（ほうしん）をそのまま<u>踏襲</u>して講義（こうぎ）を進める。,とうしゅう,どうしゅう,とうじゅう,ふしゅう,とうしゅう,（Phase-3で作成）
JLPT_N1_LK_Ch_072,言語知識,文字,漢字読み,3,規定（きてい）違反（いはん）により、対象者（たいしょうしゃ）の資格（しかく）を<u>剥奪</u>される可能性がある。,はくだつ,ぼくだつ,はくだっ,ほうだつ,はくだつ,（Phase-3で作成）
JLPT_N1_LK_Ch_073,言語知識,文字,漢字読み,3,事実（じじつ）を<u>歪曲</u>して伝えることは、信頼（しんらい）を失（うしな）う原因（げんいん）となる。,わいきょく,いきょく,わいこう,わいきょっ,わいきょく,（Phase-3で作成）
JLPT_N1_LK_Ch_074,言語知識,文字,漢字読み,3,このシステムはセキュリティ基盤（きばん）が<u>脆弱</u>であることが判明（はんめい）した。,ぜいじゃく,ぜいさく,そいじゃく,ぜいしゃく,ぜいじゃく,（Phase-3で作成）
JLPT_N1_LK_Ch_075,言語知識,文字,漢字読み,3,新しいリーダーがチーム全体の課題（かだい）を速（すみや）かに<u>掌握</u>した。,しょうあく,じょうあく,しょうあつ,ちょうあく,しょうあく,（Phase-3で作成）
JLPT_N1_LK_Ch_076,言語知識,文字,漢字読み,3,労働者（ろうどうしゃ）から不当（ふとう）に利益（りえき）を<u>搾取</u>する構造（こうぞう）を見直（みなお）そう。,さくしゅ,しゃくしゅ,さくじゅ,さくしゅう,さくしゅ,（Phase-3で作成）
JLPT_N1_LK_Ch_077,言語知識,文字,漢字読み,3,急激（きゅうげき）な物価（ぶっか）高騰（こうとう）が健全（けんぜん）な経済（けいざい）成長（せいちょう）を<u>阻害</u>していると報道（ほうどう）された。,そがい,じょがい,そかい,そこう,そがい,（Phase-3で作成）
JLPT_N1_LK_Ch_078,言語知識,文字,漢字読み,3,与党（よとう）の決定（けってい）に<u>追従</u>するだけの姿勢（しせい）に対して、批判（ひはん）が強（つよ）まっている。,ついじゅう,ついしょう,ついじょう,ついでん,ついじゅう,（Phase-3で作成）
JLPT_N1_LK_Ch_079,言語知識,文字,漢字読み,3,検察（けんさつ）は大規模（だいきぼ）な<u>粉飾</u>決算（けっさん）の疑（うたが）いで、本社（ほんしゃ）の家宅（かたく）捜査（そうさ）に入った。,ふんしょく,ぶんしょく,ふんそう,ふんしゅう,ふんしょく,（Phase-3で作成）
JLPT_N1_LK_Ch_080,言語知識,文字,漢字読み,3,本年度（ほんねんど）の主要（しゅよう）事業（じぎょう）の成果（せいか）について、以下（いか）の通り<u>概括</u>する。,がいかつ,かいかつ,がいけつ,がいかん,がいかつ,（Phase-3で作成）
JLPT_N1_LK_Ch_081,言語知識,文字,漢字読み,3,調査（ちょうさ）を進（すす）めるうちに、組織（そしき）の不備（ふび）が次々（つぎつぎ）と<u>露呈</u>した。,ろてい,ろちょう,ろうてい,ろじょう,ろてい,（Phase-3で作成）
JLPT_N1_LK_Ch_082,言語知識,文字,漢字読み,3,相手（あいて）チームの攻撃（こうげき）を<u>牽制</u>するために、守備（しゅび）の位置（いち）を変更（へんこう）する。,けんせい,けんしん,かんせい,けんぜい,けんせい,（Phase-3で作成）
JLPT_N1_LK_Ch_083,言語知識,文字,漢字読み,3,指揮官（しきかん）の力強（ちからづよ）い言葉（ことば）が、兵士（へいし）たちの士気（しき）を<u>鼓舞</u>した。,こぶ,くぶ,こほう,ごぶ,こぶ,（Phase-3で作成）
JLPT_N1_LK_Ch_084,言語知識,文字,漢字読み,3,名簿（めいぼ）から不要（ふよう）な個人（こじん）情報（じょうほう）を速（すみや）かに<u>抹消</u>しよう。,まっしょう,まつしょう,ばっしょう,まっそう,まっしょう,（Phase-3で作成）
JLPT_N1_LK_Ch_085,言語知識,文字,漢字読み,3,地域（ちいき）の一体感（いったいかん）を<u>醸成</u>するための交流（こうりゅう）イベントに参加（さんか）してみませんか。,じょうせい,じょうしょう,じょうしん,じょうぜい,じょうせい,（Phase-3で作成）
JLPT_N1_LK_Ch_086,言語知識,文字,漢字読み,3,照明（しょうめい）の効果（こうか）により、室内（しつない）が広（ひろ）く見えるような<u>錯覚</u>を覚（おぼ）える。,さっかく,さかく,しゃっかく,さっこう,さっかく,（Phase-3で作成）
JLPT_N1_LK_Ch_087,言語知識,文字,漢字読み,3,野党（やとう）は記者（きしゃ）会見（かいけん）を開き、政府（せいふ）の不祥事（ふしょうじ）を厳（きび）しく<u>糾弾</u>した。,きゅうだん,きゅうたん,じゅうだん,きょうだん,きゅうだん,（Phase-3で作成）
JLPT_N1_LK_Ch_088,言語知識,文字,漢字読み,3,捜査（そうさ）当局（とうきょく）は、<u>覚醒</u>剤（ざい）の密輸（みつゆ）ルートの解明（かいめい）を進めているとのことだ。,かくせい,がくせい,かくしょう,かくぜい,かくせい,（Phase-3で作成）
JLPT_N1_LK_Ch_089,言語知識,文字,漢字読み,3,他社（たしゃ）の製品（せいひん）を安易（あんい）に<u>模倣</u>した疑（うたが）いがあるとして、訴訟（そしょう）が起こされた。,もほう,ぼほう,もこう,もほうく,もほう,（Phase-3で作成）
JLPT_N1_LK_Ch_090,言語知識,文字,漢字読み,3,市民（しみん）の不安（ふあん）を<u>払拭</u>するため、安全性（あんぜんせい）に関する情報を公開（こうかい）する。,ふっしょく,はらいしょく,ふつしょく,ふっそう,ふっしょく,（Phase-3で作成）
JLPT_N1_LK_Ch_091,言語知識,文字,漢字読み,3,検察（けんさつ）は贈賄（ぞうわい）側の業者（ぎょうしゃ）だけでなく、<u>収賄</u>した公務員（こうむいん）も立件（りっけん）した。,しゅうわい,しゅうかい,しゅうゆう,しゅうのう,しゅうわい,（Phase-3で作成）
JLPT_N1_LK_Ch_092,言語知識,文字,漢字読み,3,敵（てき）に奪（うば）われた城（しろ）を<u>奪還</u>するために、作戦（さくせん）を練（ね）り直そう。,だっかん,たっかん,だつけん,だっけい,だっかん,（Phase-3で作成）
JLPT_N1_LK_Ch_093,言語知識,文字,漢字読み,3,事件（じけん）に関する重要（じゅうよう）な証拠（しょうこ）を<u>隠匿</u>したとして、関係者（かんけいしゃ）が取（と）り調（しら）べを受けている。,いんとく,おんとく,いんたく,いんちく,いんとく,（Phase-3で作成）
JLPT_N1_LK_Ch_094,言語知識,文字,漢字読み,3,この革新（かくしん）的な製品（せいひん）が、今後（こんご）の業界（ぎょうかい）を<u>牽引</u>していくでしょう。,けんいん,こんいん,けんえん,ぜんいん,けんいん,（Phase-3で作成）
JLPT_N1_LK_Ch_095,言語知識,文字,漢字読み,3,旅行（りょこう）中のトラブルに備（そな）えて、手厚（てあつ）い<u>補償</u>がついた保険（ほけん）に加入（かにゅう）しませんか。,ほしょう,ほしょうく,ふしょう,ほちょう,ほしょう,（Phase-3で作成）
JLPT_N1_LK_Ch_096,言語知識,文字,漢字読み,3,過去（かこ）のやり方に<u>固執</u>せず、柔軟（じゅうなん）な発想（はっそう）で仕事（しごと）を進めましょう。,こしつ,こしゅう,ごしつ,こしゅ,こしつ,（Phase-3で作成）
JLPT_N1_LK_Ch_097,言語知識,文字,漢字読み,3,裁判官（さいばんかん）の不公正（ふこうせい）な態度（たいど）を理由（りゆう）に、弁護（べんご）側は<u>忌避</u>の申し立てを行った。,きひ,ぎひ,きふ,きこう,きひ,（Phase-3で作成）
JLPT_N1_LK_Ch_098,言語知識,文字,漢字読み,3,国会（こっかい）で条約（じょうやく）が<u>批准</u>されたと、本日（ほんじつ）のニュースで報（ほう）じられた。,ひじゅん,びじゅん,ひしょう,はじゅん,ひじゅん,（Phase-3で作成）
JLPT_N1_LK_Ch_099,言語知識,文字,漢字読み,3,危機（きき）管理（かんり）に対する意識（いしき）の<u>欠如</u>が、今回の事故（じこ）を引き起こしたとみられている。,けつじょ,けつにょ,けつじょう,かんじょ,けつじょ,（Phase-3で作成）
JLPT_N1_LK_Ch_100,言語知識,文字,漢字読み,3,人権（じんけん）を侵害（しんがい）する集会（しゅうかい）の<u>弾圧</u>に対し、国際（こくさい）社会（しゃかい）から非難（ひなん）の声があがっている。,だんあつ,たんあつ,だんえつ,ぜんあつ,だんあつ,（Phase-3で作成）
JLPT_N1_LK_Ch_101,言語知識,文字,漢字読み,3,安全（あんぜん）のため、危険（きけん）なエリアへの進入（しんにゅう）を<u>遮断</u>した。,しゃだん,しゃちょう,じゃだん,しゃてん,しゃだん,（Phase-3で作成）
JLPT_N1_LK_Ch_102,言語知識,文字,漢字読み,3,提出（ていしゅつ）期限（きげん）に<u>猶予</u>を与（あた）えられたので、もう一度（いちど）見直（みなお）そう。,ゆうよ,ゆうじょ,ゆうこう,しょうよ,ゆうよ,（Phase-3で作成）
JLPT_N1_LK_Ch_103,言語知識,文字,漢字読み,3,感情（かんじょう）を<u>抑圧</u>しすぎると、かえってストレスが溜（た）まってしまう。,よくあつ,よくさつ,よくえつ,いくあつ,よくあつ,（Phase-3で作成）
JLPT_N1_LK_Ch_104,言語知識,文字,漢字読み,3,若いダンサーたちの<u>躍動</u>感あふれるステージを観（み）に行きませんか。,やくどう,たくどう,やくとう,ようどう,やくどう,（Phase-3で作成）
JLPT_N1_LK_Ch_105,言語知識,文字,漢字読み,3,小さな失敗（しっぱい）に<u>拘泥</u>せず、前を向（む）いて歩（ある）んでいこう。,こうでい,くてい,こうたい,こうでいく,こうでい,（Phase-3で作成）
JLPT_N1_LK_Ch_106,言語知識,文字,漢字読み,3,SNSでの情報（じょうほう）の<u>拡散</u>力を活（い）かしたイベントを企画（きかく）してみましょう。,かくさん,こうさん,きゃくさん,かくせん,かくさん,（Phase-3で作成）
JLPT_N1_LK_Ch_107,言語知識,文字,漢字読み,3,会社の資金（しきん）を<u>横領</u>した疑（うたが）いで、元（もと）役員（やくいん）が逮捕（たいほ）された。,おうりょう,こうりょう,おうりゅうち,ようりょう,おうりょう,（Phase-3で作成）
JLPT_N1_LK_Ch_108,言語知識,文字,漢字読み,3,波（なみ）の影響（えいきょう）で海岸（かいがん）線の<u>浸食</u>が進んでいると発表（はっぴょう）された。,しんしょく,じんしょく,しんそう,しんちょう,しんしょく,（Phase-3で作成）
JLPT_N1_LK_Ch_109,言語知識,文字,漢字読み,3,国境（こっきょう）付近（ふきん）での<u>紛争</u>を回避（かいひ）するため、首脳（しゅのう）会談（かいだん）が行われた。,ふんそう,ふんぞう,ぶんそう,ふんしょう,ふんそう,（Phase-3で作成）
JLPT_N1_LK_Ch_110,言語知識,文字,漢字読み,3,旧（きゅう）規則（きそく）に基（もと）づく申請（しんせい）書は、本日（ほんじつ）をもって<u>破棄</u>する。,はき,はこう,ばき,はけい,はき,（Phase-3で作成）
JLPT_N1_LK_Ch_111,言語知識,文字,漢字読み,3,裁判所（さいばんしょ）は被告（ひこく）の違法（いほう）な利益（りえき）を<u>没収</u>する命令（めいれい）を出した。,ぼっしゅう,もっしゅう,ぼっしゅ,ぼうしゅう,ぼっしゅう,（Phase-3で作成）
JLPT_N1_LK_Ch_112,言語知識,文字,漢字読み,3,市民（しみん）団体（だんたい）が企業（きぎょう）の不正（ふせい）行為（こうい）を検察（けんさつ）に<u>告発</u>した。,こくはつ,こくほつ,こくばつ,ごくはつ,こくはつ,（Phase-3で作成）
JLPT_N1_LK_Ch_113,言語知識,文字,漢字読み,3,裁判所（さいばんしょ）は原告（げんこく）の訴（うっ）えを不当（ふとう）として<u>棄却</u>した。,ききゃく,ききょく,ぎきゃく,ききゃっ,ききゃく,（Phase-3で作成）
JLPT_N1_LK_Ch_114,言語知識,文字,漢字読み,3,対立（たいりつ）していた住民（じゅうみん）同士（どうし）の<u>融和</u>を図る取り組みを始めよう。,ゆうわ,ゆわ,ゆうか,ゆうこう,ゆうわ,（Phase-3で作成）
JLPT_N1_LK_Ch_115,言語知識,文字,漢字読み,3,週末（しゅうまつ）は歴史（れきし）ある古い街並（まちな）みを<u>探訪</u>してみませんか。,たんぼう,たんほう,じんぼう,たんぽう,たんぼう,（Phase-3で作成）
JLPT_N1_LK_Ch_116,言語知識,文字,漢字読み,3,<u>熟練</u>した職人（しょくにん）の技（わざ）が光（ひか）る作品（さくひん）を鑑賞（かんしょう）する。,じゅくれん,じゅくねん,しゅくれん,じゅくらん,じゅくれん,（Phase-3で作成）
JLPT_N1_LK_Ch_117,言語知識,文字,漢字読み,3,悪天候（あくてんこう）の中で<u>救難</u>活動（かつどう）に当たった海上（かいじょう）保安庁（ほあんちょう）に感謝（かんしゃ）したい。,きゅうなん,きゅうたん,ぎゅうなん,きゅうらん,きゅうなん,（Phase-3で作成）
JLPT_N1_LK_Ch_118,言語知識,文字,漢字読み,3,気温（きおん）の低下（ていか）に伴（ともな）い、金属（きんぞく）が<u>収縮</u>する現象（げんしょう）が観察（かんさつ）された。,しゅうしゅく,しゅうしょく,じゅうしゅく,しゅしゅく,しゅうしゅく,（Phase-3で作成）
JLPT_N1_LK_Ch_119,言語知識,文字,漢字読み,3,行政（ぎょうせい）機関（きかん）に対し、公文書（こうぶんしょ）の<u>開示</u>を請求（せいきゅう）した。,かいじ,かいし,がいじ,かいじょう,かいじ,（Phase-3で作成）
JLPT_N1_LK_Ch_120,言語知識,文字,漢字読み,3,来月（らいげつ）から一部（いちぶ）の地域（ちいき）で新システムを<u>試行</u>することが決定（けってい）した。,しこう,じこう,しぎょう,しこうく,しこう,（Phase-3で作成）
JLPT_N1_LK_Ch_121,言語知識,文字,漢字読み,3,重大な安全上の問題をそのまま<u>看過</u>することはできない。,かんか,こうか,かんこう,きょうか,かんか,（Phase-3で作成）
JLPT_N1_LK_Ch_122,言語知識,文字,漢字読み,3,裁判所（さいばんしょ）は容疑者（ようぎしゃ）の<u>勾留</u>期間（きかん）を延長（えんちょう）することを決定（けってい）した。,こうりゅう,くうりゅう,くりゅう,こうりょ,こうりゅう,（Phase-3で作成）
JLPT_N1_LK_Ch_123,言語知識,文字,漢字読み,3,彼の研究（けんきゅう）成果（せいか）は医療（いりょう）技術（ぎじゅつ）の発展（はってん）に大きく<u>寄与</u>した。,きよ,きよう,ぎよ,しよ,きよ,（Phase-3で作成）
JLPT_N1_LK_Ch_124,言語知識,文字,漢字読み,3,今期（こんき）の売上（うりあげ）は従来（じゅうらい）の記録（きろく）を大幅（おおはば）に<u>凌駕</u>する勢いを見せている。,りょうが,りんが,りょうか,ろうが,りょうが,（Phase-3で作成）
JLPT_N1_LK_Ch_125,言語知識,文字,漢字読み,3,両国（りょうこく）の軍（ぐん）は国境（こっきょう）付近（ふきん）で長年にわたり<u>対峙</u>している。,たいじ,ついち,たいち,だいじ,たいじ,（Phase-3で作成）
JLPT_N1_LK_Ch_126,言語知識,文字,漢字読み,3,全ての社員（しゃいん）が法令（ほうれい）を<u>遵守</u>して業務（ぎょうむ）に取り組むことが求められる。,じゅんしゅ,じゅんしゅう,じょんしゅ,じゅんす,じゅんしゅ,（Phase-3で作成）
JLPT_N1_LK_Ch_127,言語知識,文字,漢字読み,3,事故（じこ）現場（げんば）からの情報（じょうほう）が<u>錯綜</u>しており、確認（かくにん）に時間がかかっている。,さくそう,さくぞう,しゃくそう,さくしゅう,さくそう,（Phase-3で作成）
JLPT_N1_LK_Ch_128,言語知識,文字,漢字読み,3,原液（げんえき）を使用（しよう）する際は、所定（しょてい）の倍率（ばいりつ）で<u>希釈</u>してください。,きしゃく,けいしゃく,きさく,きしゅう,きしゃく,（Phase-3で作成）
JLPT_N1_LK_Ch_129,言語知識,文字,漢字読み,3,公文書（こうぶんしょ）のデータを不正（ふせい）に<u>改竄</u>した疑（うたが）いで調査（ちょうさ）が行われている。,かいざん,がいざん,かいせん,かいぞう,かいざん,（Phase-3で作成）
JLPT_N1_LK_Ch_130,言語知識,文字,漢字読み,3,環境（かんきょう）問題を話し合う新しい有識者（ゆうしきしゃ）会議（かいぎ）が昨日（きのう）<u>発足</u>した。,ほっそく,はっそく,ほっそつ,はつたて,ほっそく,（Phase-3で作成）
JLPT_N1_LK_Ch_131,言語知識,文字,漢字読み,3,部署（ぶしょ）間の<u>軋轢</u>を解消（かいしょう）するために、定期（ていき）的な意見（いけん）交換（こうかん）の場を設（もう）ける。,あつれき,あつれん,さつれき,あつけい,あつれき,（Phase-3で作成）
JLPT_N1_LK_Ch_132,言語知識,文字,漢字読み,3,終戦（しゅうせん）後（ご）も多くの人々（ひとびと）が異国（いこく）の地に<u>抑留</u>された歴史（れきし）を忘（わす）れてはならない。,よくりゅう,よくりょう,そくりゅう,よくるい,よくりゅう,（Phase-3で作成）
JLPT_N1_LK_Ch_133,言語知識,文字,漢字読み,3,公海（こうかい）上で不審（ふしん）な外国（がいこく）船が<u>拿捕</u>されたと速報（そくほう）が入った。,だほ,なほ,だほく,たほ,だほ,（Phase-3で作成）
JLPT_N1_LK_Ch_134,言語知識,文字,漢字読み,3,同社（どうしゃ）の革新（かくしん）的なスマートフォンが、瞬く間に世界（せかい）市場（しじょう）を<u>席巻</u>した。,せっけん,ぜっけん,せきかん,せっこう,せっけん,（Phase-3で作成）
JLPT_N1_LK_Ch_135,言語知識,文字,漢字読み,3,講和（こうわ）条約（じょうやく）により、敗戦（はいせん）国は領土（りょうど）の一部（いちぶ）を<u>割譲</u>することを余儀（よぎ）なくされた。,かつじょう,わりじょう,けつじょう,かつしょう,かつじょう,（Phase-3で作成）
JLPT_N1_LK_Ch_136,言語知識,文字,漢字読み,3,最新（さいしん）のガイドラインに<u>準拠</u>した運用（うんよう）ルールを策定（さくてい）する。,じゅんきょ,じゅんこ,じゅんきょう,しゅんきょ,じゅんきょ,（Phase-3で作成）
JLPT_N1_LK_Ch_137,言語知識,文字,漢字読み,3,人事（じんじ）制度（せいど）の<u>刷新</u>を図り、若手（わかて）社員（しゃいん）の登用（とうよう）を進める方針（ほうしん）だ。,さっしん,さつしん,ざっしん,さっこう,さっしん,（Phase-3で作成）
JLPT_N1_LK_Ch_138,言語知識,文字,漢字読み,3,専門家（せんもんか）の意見（いけん）だからといって、客観（きゃっかん）的なデータなしに<u>妄信</u>するのは危険（きけん）だ。,もうしん,ぼうしん,もうじん,むしん,もうしん,（Phase-3で作成）
JLPT_N1_LK_Ch_139,言語知識,文字,漢字読み,3,公文書（こうぶんしょ）を<u>偽造</u>した疑（うたが）いで、元（もと）職員（しょくいん）の男が逮捕（たいほ）された。,ぎぞう,ぎそう,にせぞう,ぎぞん,ぎぞう,（Phase-3で作成）
JLPT_N1_LK_Ch_140,言語知識,文字,漢字読み,3,労使（ろうし）間の主張（しゅちょう）が対立（たいりつ）したため、労働（ろうどう）委員会（いいんかい）に<u>裁定</u>を仰（あお）ぐことになった。,さいてい,さいちょう,ざいてい,さいてん,さいてい,（Phase-3で作成）
JLPT_N1_LK_Ch_141,言語知識,文字,漢字読み,3,個人（こじん）情報（じょうほう）の<u>漏洩</u>を防（ふせ）ぐため、管理（かんり）体制（たいせい）を強化（きょうか）する。,ろうえい,ろうせつ,ろうえん,ろえい,ろうえい,（Phase-3で作成）
JLPT_N1_LK_Ch_142,言語知識,文字,漢字読み,3,労働（ろうどう）委員会（いいんかい）が労使（ろうし）間の話し合いを<u>斡旋</u>した。,あっせん,かんせん,あつせん,あっしょう,あっせん,（Phase-3で作成）
JLPT_N1_LK_Ch_143,言語知識,文字,漢字読み,3,キャリアの選択（せんたく）において、理想（りそう）と現実（げんじつ）の間で<u>葛藤</u>が生じた。,かっとう,かつどう,かっどう,けっとう,かっとう,（Phase-3で作成）
JLPT_N1_LK_Ch_144,言語知識,文字,漢字読み,3,厳しい市場（しじょう）競争（きょうそう）の中で、非効率（ひこうりつ）な企業（きぎょう）が<u>淘汰</u>されていく。,とうた,どうた,とうだい,ちょうた,とうた,（Phase-3で作成）
JLPT_N1_LK_Ch_145,言語知識,文字,漢字読み,3,個人の<u>嗜好</u>に合わせたおすすめ商品を自動（じどう）で提案（ていあん）する。,しこう,じこう,しきょう,しくら,しこう,（Phase-3で作成）
JLPT_N1_LK_Ch_146,言語知識,文字,漢字読み,3,判決（はんけつ）が確定（かくてい）した被告（ひこく）が刑務所（けいむしょ）に<u>収監</u>された。,しゅうかん,じゅうかん,しゅうけん,しゅかん,しゅうかん,（Phase-3で作成）
JLPT_N1_LK_Ch_147,言語知識,文字,漢字読み,3,警察（けいさつ）の機動隊（きどうたい）が出動（しゅつどう）し、暴動（ぼうどう）を<u>鎮圧</u>した。,ちんあつ,てんあつ,ちんえつ,じんあつ,ちんあつ,（Phase-3で作成）
JLPT_N1_LK_Ch_148,言語知識,文字,漢字読み,3,他人の論文（ろんぶん）から文章（ぶんしょう）を<u>盗用</u>した疑（うたが）いが持たれている。,とうよう,どうよう,とうしょう,ちょうよう,とうよう,（Phase-3で作成）
JLPT_N1_LK_Ch_149,言語知識,文字,漢字読み,3,定年（ていねん）退職（たいしょく）後（ご）も<u>嘱託</u>社員（しゃいん）として会社（かいしゃ）に残（のこ）る。,しょくたく,そくたく,しょくだく,しょくこう,しょくたく,（Phase-3で作成）
JLPT_N1_LK_Ch_150,言語知識,文字,漢字読み,3,余った予算（よさん）を新規（しんき）プロジェクトの準備（じゅんび）費用（ひよう）に<u>充当</u>する。,じゅうとう,じゅうどう,しゅうとう,じゅとう,じゅうとう,（Phase-3で作成）
JLPT_N1_LK_Ch_151,言語知識,文字,漢字読み,1,警察（けいさつ）の発表（はっぴょう）によると、事故（じこ）の<u>原因</u>は調査中（ちょうさちゅう）だ。,げんいん,しんいん,げんしん,しんいん,げんいん,（Phase-3で作成）
JLPT_N1_LK_Ch_152,言語知識,文字,漢字読み,1,会社（かいしゃ）の規模（きぼ）が<u>拡大</u>している。,かくだい,こうだい,かくいん,こういん,かくだい,（Phase-3で作成）
JLPT_N1_LK_Ch_153,言語知識,文字,漢字読み,1,新（あたら）しい観光（かんこう）地（ち）には、<u>年間</u>を通（とお）して多（おお）くの人が訪（おとず）れる。,ねんかん,としかん,ねんこう,としこう,ねんかん,（Phase-3で作成）
JLPT_N1_LK_Ch_154,言語知識,文字,漢字読み,1,あの人気（にんき）レストランは、いつも<u>予約</u>でいっぱいだ。,よやく,あらかじめやく,よやくす,あらかじめやくす,よやく,（Phase-3で作成）
JLPT_N1_LK_Ch_155,言語知識,文字,漢字読み,1,今夜（こんや）は、地元の新鮮（しんせん）な<u>野菜</u>を使った料理（りょうり）を楽しもう。,やさい,のさい,やせい,のせい,やさい,（Phase-3で作成）
JLPT_N1_LK_Ch_156,言語知識,文字,漢字読み,1,<u>友人</u>からの連絡（れんらく）を待（ま）っている。,ゆうじん,ともじん,ゆうにん,ともにん,ゆうじん,（Phase-3で作成）
JLPT_N1_LK_Ch_157,言語知識,文字,漢字読み,1,市役所（しやくしょ）の窓口（まどぐち）で、住所（じゅうしょ）の<u>変更</u>を申し出てください。,へんこう,へんこうす,へんけい,へんけいす,へんこう,（Phase-3で作成）
JLPT_N1_LK_Ch_158,言語知識,文字,漢字読み,1,利用（りよう）規約（きやく）の<u>内容</u>をよく確認（かくにん）する必要（ひつよう）がある。,ないよう,うちよう,ないこう,うちこう,ないよう,（Phase-3で作成）
JLPT_N1_LK_Ch_159,言語知識,文字,漢字読み,1,防災（ぼうさい）訓練（くんれん）には、<u>地域</u>の住民（じゅうみん）が参加（さんか）する予定（よてい）だ。,ちいき,じいき,ちばしょ,じばしょ,ちいき,（Phase-3で作成）
JLPT_N1_LK_Ch_160,言語知識,文字,漢字読み,1,新（あたら）しい条例（じょうれい）の<u>制定</u>により、手続（てつづ）きが簡略化（かんりゃくか）されるとのことだ。,せいてい,せいいん,しょうてい,しょういん,せいてい,（Phase-3で作成）
JLPT_N1_LK_Ch_161,言語知識,文字,漢字読み,1,学生（がくせい）たちは、来週（らいしゅう）のスピーチ大会（たいかい）で<u>発表</u>する予定（よてい）だ。,はっぴょう,はつひょう,はつひん,はっぴん,はっぴょう,（Phase-3で作成）
JLPT_N1_LK_Ch_162,言語知識,文字,漢字読み,1,授業（じゅぎょう）が始（はじ）まる前（まえ）に、先生（せんせい）が学生（がくせい）の<u>出席</u>を確認（かくにん）した。,しゅっせき,しゅつせき,しゅっそく,しゅつそく,しゅっせき,（Phase-3で作成）
JLPT_N1_LK_Ch_163,言語知識,文字,漢字読み,1,この箱（はこ）には、絵（え）を描（えが）くための<u>道具</u>が大切（たいせつ）に保管（ほかん）されている。,どうぐ,とうぐ,どうこう,とうこう,どうぐ,（Phase-3で作成）
JLPT_N1_LK_Ch_164,言語知識,文字,漢字読み,1,山頂（さんちょう）から見渡（みわた）す素晴（すば）らしい<u>景色</u>に、思（おも）わず心（こころ）が奪（うば）われますね。,けしき,けいしょく,けいいろ,けいいん,けしき,（Phase-3で作成）
JLPT_N1_LK_Ch_165,言語知識,文字,漢字読み,1,こちらの絶品（ぜっぴん）パフェは、<u>季節</u>限定（げんてい）で受（う）けられる特別（とくべつ）なメニューですよ。,きせつ,きそう,きせき,きせつす,きせつ,（Phase-3で作成）
JLPT_N1_LK_Ch_166,言語知識,文字,漢字読み,1,当（とう）サロンでは、最新（さいしん）の美容（びよう）ケアを気軽（きがる）に<u>体験</u>できます。,たいけん,だいけん,たいこう,だいこう,たいけん,（Phase-3で作成）
JLPT_N1_LK_Ch_167,言語知識,文字,漢字読み,1,大雨（おおあめ）による<u>被害</u>が、農家（のうか）の間（あいだ）で深刻（しんこく）化（か）している。,ひがい,こうがい,ひこく,こうこく,ひがい,（Phase-3で作成）
JLPT_N1_LK_Ch_168,言語知識,文字,漢字読み,1,国内（こくない）メーカーの自動車（じどうしゃ）<u>輸出</u>台数（だいすう）が、前年（ぜんねん）より増加（ぞうか）した。,ゆしゅつ,しゅつゆ,ゆそう,しゅつそう,ゆしゅつ,（Phase-3で作成）
JLPT_N1_LK_Ch_169,言語知識,文字,漢字読み,1,両国（りょうこく）の首脳（しゅのう）は、経済（けいざい）分野（ぶんや）での<u>協力</u>を強化（きょうか）することで一致（いっち）した。,きょうりょく,ごうりょく,きょうりき,ごうりき,きょうりょく,（Phase-3で作成）
JLPT_N1_LK_Ch_170,言語知識,文字,漢字読み,1,申請者（しんせいしゃ）は、必要（ひつよう）書類（しょるい）を月末（げつまつ）までに<u>提出</u>しなければならない。,ていしゅつ,だいしゅつ,ていとう,だいとう,ていしゅつ,（Phase-3で作成）
JLPT_N1_LK_Ch_171,言語知識,文字,漢字読み,1,留学生（りゅうがくせい）たちは、地域（ちいき）の行事（ぎょうじ）に喜（よろこ）んで<u>参加</u>した。,さんか,じんか,さんこう,じんこう,さんか,（Phase-3で作成）
JLPT_N1_LK_Ch_172,言語知識,文字,漢字読み,1,委員会（いいんかい）は、夏（なつ）休（やす）みの活動（かつどう）<u>計画</u>を立（た）てている。,けいかく,けいか,どうかく,どうか,けいかく,（Phase-3で作成）
JLPT_N1_LK_Ch_173,言語知識,文字,漢字読み,1,講師（こうし）は、明日（あす）の授業（じゅぎょう）の<u>準備</u>を終（お）えたところだ。,じゅんび,じゅんべい,せんび,せんべい,じゅんび,（Phase-3で作成）
JLPT_N1_LK_Ch_174,言語知識,文字,漢字読み,1,この祭（まつ）りには、長（なが）い歴史（れきし）と<u>伝統</u>が受（う）け継（つ）がれていますね。,でんとう,つたとう,でんどう,つたどう,でんとう,（Phase-3で作成）
JLPT_N1_LK_Ch_175,言語知識,文字,漢字読み,1,この街（まち）のレトロな雰囲気（ふんいき）には、独特（どくとく）の<u>魅力</u>が詰（つ）まっていますよ。,みりょく,みりき,いりょく,いりき,みりょく,（Phase-3で作成）
JLPT_N1_LK_Ch_176,言語知識,文字,漢字読み,1,シェフは、新（あたら）しい味（あじ）の創作（そうさく）に果敢（かかん）に<u>挑戦</u>している。,ちょうせん,てのせん,ちょうせんす,てのせんす,ちょうせん,（Phase-3で作成）
JLPT_N1_LK_Ch_177,言語知識,文字,漢字読み,1,警察（けいさつ）の速報（そくほう）によると、高速（こうそく）道路（どうろ）で大型（おおがた）<u>事故</u>が発生（はっせい）した。,じこ,ことこ,じふる,ことふる,じこ,（Phase-3で作成）
JLPT_N1_LK_Ch_178,言語知識,文字,漢字読み,1,両国（りょうこく）の<u>貿易</u>摩擦（まさつ）が、国際（こくさい）経済（けいざい）に大（おお）きな影響（えいきょう）を与（あた）えている。,ぼうえき,ぼうえきす,ふえき,ふえきす,ぼうえき,（Phase-3で作成）
JLPT_N1_LK_Ch_179,言語知識,文字,漢字読み,1,研究（けんきゅう）機関（きかん）は、環境（かんきょう）に優（やさ）しい新（しん）素材（そざい）を<u>開発</u>したと公表（こうひょう）した。,かいはつ,ひらつ,かいほつ,ひらほつ,かいはつ,（Phase-3で作成）
JLPT_N1_LK_Ch_180,言語知識,文字,漢字読み,1,定期（ていき）点検（てんけん）の<u>実施</u>に関（かん）する細則（さいそく）が、新（あらた）たに規定（きてい）されるとのことだ。,じっし,じつし,じっこう,じつこう,じっし,（Phase-3で作成）
JLPT_N1_LK_Ch_181,言語知識,文字,漢字読み,1,田中（たなか）さんは、スピーチの<u>練習</u>を何度（なんど）も繰（く）り返（かえ）した。,れんしゅう,ねりしゅう,れんしん,ねりしん,れんしゅう,（Phase-3で作成）
JLPT_N1_LK_Ch_182,言語知識,文字,漢字読み,1,実験（じっけん）が<u>成功</u>して、研究者（けんきゅうしゃ）たちは安堵（あんど）した。,せいこう,じょうこう,せいこうす,じょうこうす,せいこう,（Phase-3で作成）
JLPT_N1_LK_Ch_183,言語知識,文字,漢字読み,1,医師（いし）の丁寧（ていねい）な説明（せつめい）を聞（き）いて、患者（かんじゃ）は<u>安心</u>した様子（ようす）だった。,あんしん,やすしん,あんしんす,やすしんす,あんしん,（Phase-3で作成）
JLPT_N1_LK_Ch_184,言語知識,文字,漢字読み,1,こちらのアプリが、おすすめの観光（かんこう）コースをわかりやすく<u>案内</u>してくれますよ。,あんない,やすない,あんないす,やすないす,あんない,（Phase-3で作成）
JLPT_N1_LK_Ch_185,言語知識,文字,漢字読み,1,スタッフの素敵（すてき）な<u>笑顔</u>と心（こころ）のこもった接客（せっきゃく）に、旅（たび）の疲（つか）れも吹（ふ）き飛（と）びますね。,えがお,わらいがお,えかお,わらいかお,えがお,（Phase-3で作成）
JLPT_N1_LK_Ch_186,言語知識,文字,漢字読み,1,散歩（さんぽ）の途（と）中で、路地裏（ろじうら）におしゃれなカフェを<u>発見</u>しました。,はっけん,はつけん,はっこう,はつこう,はっけん,（Phase-3で作成）
JLPT_N1_LK_Ch_187,言語知識,文字,漢字読み,1,裁判所（さいばんしょ）は、被告（ひこく）側（がわ）の訴（うった）えを棄却（ききゃく）する判断（はんだん）を<u>裁判</u>で下（くだ）した。,さいばん,さいはん,さいばんす,さいはんす,さいばん,（Phase-3で作成）
JLPT_N1_LK_Ch_188,言語知識,文字,漢字読み,1,労働（ろうどう）条件（じょうけん）をめぐる交渉（こうしょう）が妥結（だけつ）し、問題（もんだい）の<u>解決</u>に向（む）けた大（おお）きな一歩（いっぽ）となった。,かいけつ,かいさつ,とけつ,とさつ,かいけつ,（Phase-3で作成）
JLPT_N1_LK_Ch_189,言語知識,文字,漢字読み,1,大会（たいかい）事務局（じむきょく）の発表（はっぴょう）によると、今回（こんかい）のマラソン大会（たいかい）で新<u>記録</u>が樹立（じゅりつ）されたとのことだ。,きろく,しるろく,きりょく,しるりょく,きろく,（Phase-3で作成）
JLPT_N1_LK_Ch_190,言語知識,文字,漢字読み,1,補助金（ほじょきん）の交付（こうふ）を希望（きぼう）する事業者は、所定（しょてい）の様式（ようしき）により<u>申請</u>を行（おこな）わなければならない。,しんせい,しんじょう,もうせい,もうじょう,しんせい,（Phase-3で作成）
JLPT_N1_LK_Ch_191,言語知識,文字,漢字読み,1,車（くるま）の通（とお）る道（みち）を渡（わた）るときは、まわりに<u>注意</u>してください。,ちゅうい,ちゅうじん,そうい,そうじん,ちゅうい,（Phase-3で作成）
JLPT_N1_LK_Ch_192,言語知識,文字,漢字読み,1,担当（たんとう）の先生（せんせい）が、研究（けんきゅう）テーマとの<u>関係</u>を説明（せつめい）した。,かんけい,かんこう,せつけい,せつこう,かんけい,（Phase-3で作成）
JLPT_N1_LK_Ch_193,言語知識,文字,漢字読み,1,分（わ）からない点（てん）があれば、いつでも受講生（じゅこうせい）から<u>質問</u>を受け付けています。,しつもん,しつどう,といもん,といどう,しつもん,（Phase-3で作成）
JLPT_N1_LK_Ch_194,言語知識,文字,漢字読み,1,新（あたら）しく開店（かいてん）した和菓子（わがし）店（てん）の抹茶（まっちゃ）パフェが、SNSで大（おお）<u>評判</u>ですよ。,ひょうばん,ひょうはん,へいはん,へいばん,ひょうばん,（Phase-3で作成）
JLPT_N1_LK_Ch_195,言語知識,文字,漢字読み,1,心（こころ）温（あたた）まるサービスに、訪（おとず）れた客（きゃく）も大（だい）<u>満足</u>の様子（ようす）ですね。,まんぞく,まんしょく,ばんぞく,ばんしょく,まんぞく,（Phase-3で作成）
JLPT_N1_LK_Ch_196,言語知識,文字,漢字読み,1,夕日（ゆうひ）に染（そ）まる美しい海岸（かいがん）の<u>写真</u>が、コンテストでグランプリに輝（かがや）きました。,しゃしん,うつしん,しゃじん,うつじん,しゃしん,（Phase-3で作成）
JLPT_N1_LK_Ch_197,言語知識,文字,漢字読み,1,消防（しょうぼう）の発表（はっぴょう）によると、猛暑（もうしょ）で<u>救急</u>搬送（はんそう）の件数（けんすう）が急増（きゅうぞう）した。,きゅうきゅう,たすけきゅう,きゅうきょう,たすけきょう,きゅうきゅう,（Phase-3で作成）
JLPT_N1_LK_Ch_198,言語知識,文字,漢字読み,1,労働（ろうどう）組合（くみあい）と経営（けいえい）陣（じん）による賃上げ<u>交渉</u>が、深夜（しんや）まで続（つづ）いた。,こうしょう,こうしょうす,あわせしょう,あわせしょうす,こうしょう,（Phase-3で作成）
JLPT_N1_LK_Ch_199,言語知識,文字,漢字読み,1,新（あらた）な<u>関税</u>協定（きょうてい）の効力（こうりょく）が発生（はっせい）し、輸出入（ゆしゅつにゅう）の手手続きが簡素化（かんそか）された。,かんぜい,せきぜい,かんぜいす,せきぜいす,かんぜい,（Phase-3で作成）
JLPT_N1_LK_Ch_200,言語知識,文字,漢字読み,1,事業（じぎょう）計画（けいかく）の<u>承認</u>を得（え）るため、関係（かんけい）書類（しょるい）を迅速（じんそく）に提出（ていしゅつ）する規定（きてい）だ。,しょうにん,うけにん,しょうじん,うけじん,しょうにん,（Phase-3で作成）
JLPT_N1_LK_Ch_201,言語知識,文字,漢字読み,1,進路（しんろ）のことで、先生（せんせい）に<u>相談</u>した。,そうだん,そうしん,あいだだん,あいだしん,そうだん,（Phase-3で作成）
JLPT_N1_LK_Ch_202,言語知識,文字,漢字読み,1,体調（たいちょう）が良（よ）くないときは、すぐに学校（がっこう）へ<u>連絡</u>してください。,れんらく,れんろく,つららく,つらろく,れんらく,（Phase-3で作成）
JLPT_N1_LK_Ch_203,言語知識,文字,漢字読み,1,机（つくえ）の上（うえ）を綺麗（きれい）に<u>整理</u>してから帰（かえ）りましょう。,せいり,しょうり,せいりん,しょうりん,せいり,（Phase-3で作成）
JLPT_N1_LK_Ch_204,言語知識,文字,漢字読み,1,週末（しゅうまつ）は、自然（しぜん）を楽（たの）しむ山（やま）への<u>旅行</u>がおすすめですよ。,りょこう,りょぎょう,たびこう,たびぎょう,りょこう,（Phase-3で作成）
JLPT_N1_LK_Ch_205,言語知識,文字,漢字読み,1,地元（じもと）の新鮮（しんせん）な素材（そざい）を使（つか）った絶品（ぜっぴん）<u>料理</u>を召（め）し上（あ）がれ。,りょうり,りょうりん,はかるり,はかるりん,りょうり,（Phase-3で作成）
JLPT_N1_LK_Ch_206,言語知識,文字,漢字読み,1,休（やす）みの日（ひ）に音楽（おんがく）を聴（き）くのが、私（わたし）の最高（さいこう）の<u>趣味</u>なんです。,しゅみ,しゅうみ,おもみ,おもうみ,しゅみ,（Phase-3で作成）
JLPT_N1_LK_Ch_207,言語知識,文字,漢字読み,1,警視庁（けいしちょう）は、詐欺（さぎ）容疑（ようぎ）で男（おとこ）を<u>逮捕</u>したと発表（はっぴょう）した。,たいほ,だいほ,たいと,だいと,たいほ,（Phase-3で作成）
JLPT_N1_LK_Ch_208,言語知識,文字,漢字読み,1,大手（おおて）企業（きぎょう）の間（あいだ）で、新（あらた）な売買（ばいばい）<u>契約</u>が結（むす）ばれた。,けいやく,こうやく,けいひん,こうひん,けいやく,（Phase-3で作成）
JLPT_N1_LK_Ch_209,言語知識,文字,漢字読み,1,最新（さいしん）の調査（ちょうさ）によると、国内（こくない）の<u>景気</u>はゆるやかに回復（かいふく）している。,けいき,けいけ,けいきす,けいけす,けいき,（Phase-3で作成）
JLPT_N1_LK_Ch_210,言語知識,文字,漢字読み,1,道路（どうろ）を占有（せんゆう）する場合は、あらかじめ所轄（しょかつ）の警察署長（けいさつしょちょう）の<u>許可</u>を受けなければならない。,きょか,きょこう,もとしが,もとしこう,きょか,（Phase-3で作成）
JLPT_N1_LK_Ch_211,言語知識,文字,漢字読み,1,先生（せんせい）の説明（せつめい）を聞（き）いて、問題（もんだい）の意味（いみ）を<u>理解</u>した。,りかい,りげつ,りこう,りかん,りかい,（Phase-3で作成）
JLPT_N1_LK_Ch_212,言語知識,文字,漢字読み,1,毎日（まいにち）の<u>努力</u>が、試験（しけん）の合格（ごうかく）につながった。,どりょく,つとめりょく,どりき,つとめりき,どりょく,（Phase-3で作成）
JLPT_N1_LK_Ch_213,言語知識,文字,漢字読み,1,海外（かいがい）での生活（せいかつ）は、貴重（きちょう）な<u>経験</u>になった。,けいけん,けいこう,へいけん,へいこう,けいけん,（Phase-3で作成）
JLPT_N1_LK_Ch_214,言語知識,文字,漢字読み,1,若者（わかもの）の間（あいだ）で、新（あたら）しいファッションが<u>流行</u>している。,りゅうこう,りゅうぎょう,ながこう,ながぎょう,りゅうこう,（Phase-3で作成）
JLPT_N1_LK_Ch_215,言語知識,文字,漢字読み,1,このスイーツは、濃厚（のうこう）な抹茶（まっちゃ）の香（かお）りが大（おお）きな<u>特徴</u>ですよ。,とくちょう,とくじるし,とくちょうす,とくじるしす,とくちょう,（Phase-3で作成）
JLPT_N1_LK_Ch_216,言語知識,文字,漢字読み,1,映画（えいが）のラストシーンを見（み）て、心（こころ）から<u>感動</u>しましたね。,かんどう,かんこう,かんどうす,かんこうす,かんどう,（Phase-3で作成）
JLPT_N1_LK_Ch_217,言語知識,文字,漢字読み,1,気象庁（きしょうちょう）の発表（はっぴょう）によると、大規模（だいきぼ）な<u>災害</u>への警戒（けいかい）が必要（ひつよう）だ。,さいがい,さいこう,さいがいす,さいこうす,さいがい,（Phase-3で作成）
JLPT_N1_LK_Ch_218,言語知識,文字,漢字読み,1,市（し）の中心部（ちゅうしんぶ）で、新（あたら）しいスタジアムの<u>建設</u>が始（はじ）まった。,けんせつ,けんこう,たてせつ,たてこう,けんせつ,（Phase-3で作成）
JLPT_N1_LK_Ch_219,言語知識,文字,漢字読み,1,政府（せいふ）は、物価（ぶっか）上昇（じょうしょう）に対応（たいおう）するための経済（けいざい）<u>政策</u>を閣議（かくぎ）決定（けってい）した。,せいさく,せいくだ,せいさくす,せいくだす,せいさく,（Phase-3で作成）
JLPT_N1_LK_Ch_220,言語知識,文字,漢字読み,1,申請者（しんせいしゃ）は、窓口（まどぐち）で本人（ほんにん）確認（かくにん）を行（おこな）い、事前（じぜん）に<u>登録</u>を完了（かんりょう）しなければならない。,とうろく,とうこう,とうろくす,とうこうす,とうろく,（Phase-3で作成）
JLPT_N1_LK_Ch_221,言語知識,文字,漢字読み,1,お世話になった先生（せんせい）に、心（こころ）からの<u>感謝</u>を伝（つた）えた。,かんしゃ,かんこう,あらしゃ,あらこう,かんしゃ,（Phase-3で作成）
JLPT_N1_LK_Ch_222,言語知識,文字,漢字読み,1,授業（じゅぎょう）に真剣（しんけん）に向（む）き合（あ）う<u>態度</u>が大切（たいせつ）です。,たいど,だいど,たいとう,だいとう,たいど,（Phase-3で作成）
JLPT_N1_LK_Ch_223,言語知識,文字,漢字読み,1,友達（ともだち）と放課後（ほうかご）に図書館（としょかん）で会（あ）う<u>約束</u>をした。,やくそく,やくそん,たばそく,たばそん,やくそく,（Phase-3で作成）
JLPT_N1_LK_Ch_224,言語知識,文字,漢字読み,1,山あいの静（しず）かな<u>温泉</u>で、日頃（ひごろ）の疲（つか）れを優（やさ）しく癒（いや）しませんか。,おんせん,おんぜん,あたたせん,あたたぜん,おんせん,（Phase-3で作成）
JLPT_N1_LK_Ch_225,言語知識,文字,漢字読み,1,街角（まちかど）のギャラリーで、若手（わかて）作家（さっか）の<u>芸術</u>作品（さくひん）を堪能（たんのう）できますよ。,げいじゅつ,げいじゅつす,げいじゅ,げいじゅす,げいじゅつ,（Phase-3で作成）
JLPT_N1_LK_Ch_226,言語知識,文字,漢字読み,1,読書（どくしょ）の後（あと）に、素直（すなお）な<u>感想</u>をSNSに投稿（とうこう）してみましょう。,かんそう,かんぞう,あらそう,あらぞう,かんそう,（Phase-3で作成）
JLPT_N1_LK_Ch_227,言語知識,文字,漢字読み,1,交通（こうつう）ルールへの<u>違反</u>件数（けんすう）が、警察（けいさつ）の取締（とりしま）り強化（きょうか）により減少（げんしょう）した。,いはん,いばん,いこう,いごう,いはん,（Phase-3で作成）
JLPT_N1_LK_Ch_228,言語知識,文字,漢字読み,1,新設（しんせつ）された観光（かんこう）ルートの利用者（りようしゃ）数が、急激（きゅうげき）に<u>増加</u>している。,ぞうか,ぞうこう,ふか,ふこう,ぞうか,（Phase-3で作成）
JLPT_N1_LK_Ch_229,言語知識,文字,漢字読み,1,世界（せかい）的な原油（げんゆ）価格（かかく）の高騰（こうとう）が、国内（こくない）市場（しじょう）に深刻（しんこく）な<u>影響</u>を与（あた）えている。,えいきょう,えいこう,えいごう,かげきょう,えいきょう,（Phase-3で作成）
JLPT_N1_LK_Ch_230,言語知識,文字,漢字読み,1,提出（ていしゅつ）期日（きじつ）に関（かん）する特別（とくべつ）な<u>規定</u>が、新（あらた）に適用（てきよう）されるとのことだ。,きてい,ぎてい,きこう,ぎこう,きてい,（Phase-3で作成）
JLPT_N1_LK_Ch_231,言語知識,文字,漢字読み,1,健康（けんこう）のために、毎日（まいにち）少（すこ）しずつ<u>運動</u>をすることが大切（たいせつ）です。,うんどう,うんどうす,はこどう,はこどうす,うんどう,（Phase-3で作成）
JLPT_N1_LK_Ch_232,言語知識,文字,漢字読み,1,学生（がくせい）たちは、昨日（きのう）出（だ）された<u>宿題</u>を無事（ぶじ）に終（お）え、ほっとした。,しゅくだい,やどだい,しゅくたい,やどたい,しゅくだい,（Phase-3で作成）
JLPT_N1_LK_Ch_233,言語知識,文字,漢字読み,1,観客（かんきゃく）は、選手（せんしゅ）たちに温（あたた）かい<u>応援</u>を送（おく）った。,おうえん,おうえんす,こたえん,こたえんす,おうえん,（Phase-3で作成）
JLPT_N1_LK_Ch_234,言語知識,文字,漢字読み,1,この街（まち）には、歴史（れきし）ある建物（たてもの）を巡（めぐ）る<u>観光</u>ツアーが用意（ようい）されていますよ。,かんこう,かんこうす,みこう,みこうす,かんこう,（Phase-3で作成）
JLPT_N1_LK_Ch_235,言語知識,文字,漢字読み,1,旬（しゅん）のフルーツを贅沢（ぜいたく）に使（つか）った<u>限定</u>スイーツを、ぜひ受（う）け取（と）ってみませんか。,げんてい,げんじょう,かぎてい,かぎじょう,げんてい,（Phase-3で作成）
JLPT_N1_LK_Ch_236,言語知識,文字,漢字読み,1,若手（わかて）デザイナーが手（て）がけた新（あたら）しいブランドが、世界中（せかいじゅう）から<u>注目</u>を集（あつ）めていますね。,ちゅうもく,ちゅうめ,そそもく,そそめ,ちゅうもく,（Phase-3で作成）
JLPT_N1_LK_Ch_237,言語知識,文字,漢字読み,1,防犯（ぼうはん）カメラの映像（えいぞう）が決（き）め手（て）となり、警察（けいさつ）は逃走（とうそう）中（ちゅう）の<u>犯人</u>を確保（かくほ）した。,はんにん,おかすにん,はんじん,おかすじん,はんにん,（Phase-3で作成）
JLPT_N1_LK_Ch_238,言語知識,文字,漢字読み,1,多（おお）くのIT<u>企業</u>が、人工（じんこう）知能（ちのう）を活用（かつよう）した新（しん）サービスの提供（ていきょう）を開始（かいし）した。,きぎょう,くぎょう,きこう,くこう,きぎょう,（Phase-3で作成）
JLPT_N1_LK_Ch_239,言語知識,文字,漢字読み,1,研究所（けんきゅうじょ）の最新（さいしん）の<u>調査</u>によると、若者（わかもの）の読書（どくしょ）離（ばな）れが鈍化（どんか）しているとのことだ。,ちょうさ,じょうさ,ちょうさす,じょうさす,ちょうさ,（Phase-3で作成）
JLPT_N1_LK_Ch_240,言語知識,文字,漢字読み,1,証明書（しょうめいしょ）の<u>発行</u>を希望（きぼう）する者（もの）は、窓口（まどぐち）にて手続きを行（おこな）わなければならない。,はっこう,はつこう,はつけい,はっけい,はっこう,（Phase-3で作成）
JLPT_N1_LK_Ch_241,言語知識,文字,漢字読み,1,救急（きゅうきゅう）隊（たい）は、倒壊（とうかい）した建物（たてもの）から怪我人（けがにん）を<u>救助</u>した。,きゅうじょ,たすけじょ,きゅうじょう,たすけじょう,きゅうじょ,（Phase-3で作成）
JLPT_N1_LK_Ch_242,言語知識,文字,漢字読み,1,田中（たなか）くんは、今学期（こんがっき）のテストで良（よ）い<u>成績</u>を修（おさ）めた。,せいせき,じょうせき,せいざき,じょうざき,せいせき,（Phase-3で作成）
JLPT_N1_LK_Ch_243,言語知識,文字,漢字読み,1,学生（がくせい）たちは、静（しず）かな部屋（へや）で勉強（べんきょう）に<u>集中</u>している。,しゅうちゅう,あつめちゅう,しゅうじゅう,あつめじゅう,しゅうちゅう,（Phase-3で作成）
JLPT_N1_LK_Ch_244,言語知識,文字,漢字読み,1,この老舗（しにせ）旅館（りょかん）では、至高（しこう）の<u>宿泊</u>プランを体験（たいけん）できますよ。,しゅくはく,やどはく,しゅくほう,やどうほう,しゅくはく,（Phase-3で作成）
JLPT_N1_LK_Ch_245,言語知識,文字,漢字読み,1,当店（とうてん）では、焼（や）きたてのパンをWebから手軽（てがる）に<u>注文</u>できます。,ちゅうもん,ちゅうぶん,そそもん,そそぶん,ちゅうもん,（Phase-3で作成）
JLPT_N1_LK_Ch_246,言語知識,文字,漢字読み,1,絶景（ぜっけい）スポットでの映（ば）える記念（きねん）<u>撮影</u>を楽（たの）しみましょう。,さつえい,とりえい,さつかげ,とりかげ,さつえい,（Phase-3で作成）
JLPT_N1_LK_Ch_247,言語知識,文字,漢字読み,1,海外（かいがい）の主要（しゅよう）メディアによる<u>報道</u>が、世論（よろん）を動（うご）かし始（はじ）めた。,ほうどう,ほうみち,むくどう,むくみち,ほうどう,（Phase-3で作成）
JLPT_N1_LK_Ch_248,言語知識,文字,漢字読み,1,大手（おおて）ファンドは、再生（さいせい）可能（かのう）エネルギー事業（じぎょう）への<u>投資</u>を拡大（かくだい）した。,とうし,なげし,とうじ,なげじ,とうし,（Phase-3で作成）
JLPT_N1_LK_Ch_249,言語知識,文字,漢字読み,1,政府（せいふ）が推進（すいしん）する新（あたら）しい<u>制度</u>が、来月（らいげつ）から順次（じゅんじ）施行（しこう）される。,せいど,しょうど,せいたく,しょうたく,せいど,（Phase-3で作成）
JLPT_N1_LK_Ch_250,言語知識,文字,漢字読み,1,申請者（しんせいしゃ）は、居住（きょじゅう）地（ち）を<u>証明</u>する公的（こうてき）な文書（ぶんしょ）を提出（ていしゅつ）しなければならない。,しょうめい,あかしめい,しょうあかり,あかしあかり,しょうめい,（Phase-3で作成）
JLPT_N1_LK_Ch_251,言語知識,文字,漢字読み,1,一生懸命（いっしょうけんめい）勉強（べんきょう）したおかげで、目標（もくひょう）の大学（だいがく）に<u>合格</u>した。,ごうかく,ごうこう,がっかく,がっこう,ごうかく,（Phase-3で作成）
JLPT_N1_LK_Ch_252,言語知識,文字,漢字読み,1,修学（しゅうがく）旅行（りょこう）のバスは、朝（あさ）８時（じ）に学校（がっこう）を<u>出発</u>する予定（よてい）です。,しゅっぱつ,でばつ,しゅっこう,でこう,しゅっぱつ,（Phase-3で作成）
JLPT_N1_LK_Ch_253,言語知識,文字,漢字読み,1,次（つぎ）の授業（じゅぎょう）では、自分（じぶん）で好（す）きな科目（かもく）を一つ<u>選択</u>してください。,せんたく,せんこう,えらたく,えらこう,せんたく,（Phase-3で作成）
JLPT_N1_LK_Ch_254,言語知識,文字,漢字読み,1,夕方（ゆうがた）に<u>到着</u>したら、まずは絶品（ぜっぴん）のローカルフードを楽（たの）しみましょう。,とうちゃく,いたちゃく,とうきぬ,いたきぬ,とうちゃく,（Phase-3で作成）
JLPT_N1_LK_Ch_255,言語知識,文字,漢字読み,1,行列（ぎょうれつ）ができるほど<u>人気</u>のあるカフェで、至福（しふく）のひとときを過ごせますよ。,にんき,じんき,にんけ,ひとけ,にんき,（Phase-3で作成）
JLPT_N1_LK_Ch_256,言語知識,文字,漢字読み,1,歴史（れきし）ある酒造（しゅぞう）の内部（ないぶ）を<u>見学</u>できるツアーが大好評（だいこうひょう）です。,けんがく,みがく,けんこう,みこう,けんがく,（Phase-3で作成）
JLPT_N1_LK_Ch_257,言語知識,文字,漢字読み,1,最高裁判所（さいこうさいばんしょ）は、新（あたら）しい条例（じょうれい）が<u>法律</u>に違反（いはん）しないと判断（はんだん）した。,ほうりつ,ほうりつけい,のりりつ,のりりつけい,ほうりつ,（Phase-3で作成）
JLPT_N1_LK_Ch_258,言語知識,文字,漢字読み,1,国内（こくない）工場（こうじょう）における自動車（じどうしゃ）の<u>生産</u>台数（だいすう）が、大幅（おおはば）に伸びている。,せいさん,なまさん,せいむす,なままん,せいさん,（Phase-3で作成）
JLPT_N1_LK_Ch_259,言語知識,文字,漢字読み,1,世界（せかい）的な原油（げんゆ）高（だか）が、日本（にほん）の<u>経済</u>に深刻（しんこく）な影響（えいきょう）を及（およ）ぼしている。,けいざい,きょうざい,けいさい,きょうさい,けいざい,（Phase-3で作成）
JLPT_N1_LK_Ch_260,言語知識,文字,漢字読み,1,申請者（しんせいしゃ）は、手数料（てすうりょう）を納付（のうふ）し、証明書（しょうめいしょ）の<u>交付</u>を受けるものとする。,こうふ,まじふ,こうぶ,まじぶ,こうふ,（Phase-3で作成）
JLPT_N1_LK_Ch_261,言語知識,文字,漢字読み,1,先生（せんせい）が、授業（じゅぎょう）の進（すす）め方（かた）について丁寧（ていねい）に<u>説明</u>した。,せつめい,せつみょう,とくめい,とくみょう,せつめい,（Phase-3で作成）
JLPT_N1_LK_Ch_262,言語知識,文字,漢字読み,1,クラブ<u>活動</u>を通（つう）じて、他（た）の学年（がくねん）の生徒（せいと）とも親（した）しくなった。,かつどう,うごどう,かつみち,うごみち,かつどう,（Phase-3で作成）
JLPT_N1_LK_Ch_263,言語知識,文字,漢字読み,1,休（やす）みの日は、いつも図書館（としょかん）を<u>利用</u>している。,りよう,きよう,りゆう,きゆう,りよう,（Phase-3で作成）
JLPT_N1_LK_Ch_264,言語知識,文字,漢字読み,1,今回（こんかい）の特集（とくしゅう）記事（きじ）では、話題（わだい）の新（あたら）しいカフェを<u>紹介</u>しますよ。,しょうかい,じょうかい,しょうあい,じょうあい,しょうかい,（Phase-3で作成）
JLPT_N1_LK_Ch_265,言語知識,文字,漢字読み,1,SNSで<u>話題</u>の最新（さいしん）コスメを、実際（じっさい）に試（ため）してみませんか。,わだい,はなしだい,わたい,はなしたい,わだい,（Phase-3で作成）
JLPT_N1_LK_Ch_266,言語知識,文字,漢字読み,1,天気（てんき）の良い午後は、歴史（れきし）ある街並（まちな）みをのんびり<u>散歩</u>するのがおすすめですね。,さんぽ,ちるぽ,さんほ,ちるほ,さんぽ,（Phase-3で作成）
JLPT_N1_LK_Ch_267,言語知識,文字,漢字読み,1,警察（けいさつ）の速報（そくほう）によると、市街地（しがいち）で発生（はっせい）した<u>事件</u>の捜査（そうさ）が進（すす）んでいる。,じけん,ことけん,じくだん,ことくだん,じけん,（Phase-3で作成）
JLPT_N1_LK_Ch_268,言語知識,文字,漢字読み,1,海外（かいがい）からの最新（さいしん）機器（きき）の<u>購入</u>が、急速（きゅうそく）に伸びているとのことだ。,こうにゅう,かいにゅう,こういり,かいいり,こうにゅう,（Phase-3で作成）
JLPT_N1_LK_Ch_269,言語知識,文字,漢字読み,1,大学（だいがく）の合同（ごうどう）チームが、環境（かんきょう）保全（ほぜん）に関する最新（さいしん）の<u>研究</u>を進めている。,けんきゅう,とぎゅう,けんきょう,とぎょう,けんきゅう,（Phase-3で作成）
JLPT_N1_LK_Ch_270,言語知識,文字,漢字読み,1,申請（しんせい）内容（ないよう）に不備（ふび）がないか、窓口（まどぐち）で<u>確認</u>を行（おこな）う必要がある。,かくにん,たしかにん,かくみと,たしかみと,かくにん,（Phase-3で作成）
JLPT_N1_LK_Ch_271,言語知識,文字,漢字読み,1,寮（りょう）の<u>管理</u>人が、部屋（へや）の鍵（かぎ）の受（う）け渡（わた）しを行（おこな）った。,かんり,くだり,かんこう,くだこう,かんり,（Phase-3で作成）
JLPT_N1_LK_Ch_272,言語知識,文字,漢字読み,1,部活動（ぶかつどう）の先生（せんせい）が、基本（きほん）フォームを丁寧（ていねい）に<u>指導</u>した。,しどう,ゆびどう,しみち,ゆびみち,しどう,（Phase-3で作成）
JLPT_N1_LK_Ch_273,言語知識,文字,漢字読み,1,文化祭（ぶんかさい）の出（だ）し物（もの）が、話（はな）し合（あ）いによって正式（せいしき）に<u>決定</u>した。,けってい,きめてい,けつじょう,きめじょう,けってい,（Phase-3で作成）
JLPT_N1_LK_Ch_274,言語知識,文字,漢字読み,1,スタンプラリーに参加（さんか）して、豪華（ごうか）な<u>景品</u>を手（て）に入（い）れましょうね。,けいひん,けいしな,かげひん,かげしな,けいひん,（Phase-3で作成）
JLPT_N1_LK_Ch_275,言語知識,文字,漢字読み,1,話題（わだい）の新<u>商品</u>は、パッケージもおしゃれで魅力的（みりょくてき）ですよ。,しょうひん,あきないひん,しょうしな,あきないしな,しょうひん,（Phase-3で作成）
JLPT_N1_LK_Ch_276,言語知識,文字,漢字読み,1,地元（じもと）の職人（しょくにん）さんとの<u>交流</u>を通（つう）じて、ものづくりの楽（たの）しさを体験（たいけん）できます。,こうりゅう,まじりゅう,こうながれ,まじながれ,こうりゅう,（Phase-3で作成）
JLPT_N1_LK_Ch_277,言語知識,文字,漢字読み,1,現場（げんば）に残（のこ）された遺留品（いりゅうひん）から、警察（けいさつ）の<u>捜査</u>が巨（おお）きく進展（しんてん）した。,そうさ,さがさ,そうさく,さがさく,そうさ,（Phase-3で作成）
JLPT_N1_LK_Ch_278,言語知識,文字,漢字読み,1,株式（かぶしき）市場（しじょう）での不審（ふしん）な<u>取引</u>について、当局（とうきょく）が調査（ちょうさ）を始（はじ）めた。,とりひき,とりきゅう,しゅひき,しゅきゅう,とりひき,（Phase-3で作成）
JLPT_N1_LK_Ch_279,言語知識,文字,漢字読み,1,関係（かんけい）省庁（しょうちょう）は、最新（さいしん）の調査（ちょうさ）結果（けっか）を明日（あす）<u>公表</u>すると発表（はっぴょう）した。,こうひょう,おおやけひょう,こうおもて,おおやけおもて,こうひょう,（Phase-3で作成）
JLPT_N1_LK_Ch_280,言語知識,文字,漢字読み,1,住所（じゅうしょ）の変更（へんこう）を生じ（しょうじ）たときは、速（すみや）かに<u>届出</u>を行（おこな）わなければならない。,とどけで,とどけだし,かかで,かかだし,とどけで,（Phase-3で作成）
JLPT_N1_LK_Ch_281,言語知識,文字,漢字読み,1,担当（たんとう）の教員（きょういん）が、学生（がくせい）のレポートを正当（せいとう）に<u>評価</u>した。,ひょうか,ひょうこう,たかか,たかこう,ひょうか,（Phase-3で作成）
JLPT_N1_LK_Ch_282,言語知識,文字,漢字読み,1,進路（しんろ）の面談（めんだん）で、第一（だいいち）<u>希望</u>の大学（だいがく）を伝（つた）えた。,きぼう,けぼう,きもう,けもう,きぼう,（Phase-3で作成）
JLPT_N1_LK_Ch_283,言語知識,文字,漢字読み,1,美術館（びじゅつかん）の特別（とくべつ）企画（きかく）で、貴重（きちょう）な絵画（かいが）を<u>展示</u>している。,てんじ,てんし,ひろじ,ひろし,てんじ,（Phase-3で作成）
JLPT_N1_LK_Ch_284,言語知識,文字,漢字読み,1,会員（かいいん）限定（げんてい）で、全（すべて）のメニューが特別（とくべつ）<u>割引</u>で楽（たの）しめますよ。,わりびき,わりひき,かつびき,かつひき,わりびき,（Phase-3で作成）
JLPT_N1_LK_Ch_285,言語知識,文字,漢字読み,1,新（あたら）しいメンバーを温（あたた）かく<u>歓迎</u>するパーティーを開（ひら）いた。,かんげい,かんこう,かんむか,かんむかえ,かんげい,（Phase-3で作成）
JLPT_N1_LK_Ch_286,言語知識,文字,漢字読み,1,各地（かくち）の伝統（でんとう）的な<u>文化</u>を体験（たいけん）できるイベントが開催（かいさい）される。,ぶんか,ぶんこう,もじか,もじこう,ぶんか,（Phase-3で作成）
JLPT_N1_LK_Ch_287,言語知識,文字,漢字読み,1,防犯（ぼうはん）カメラの設置（せっち）により、街中（まちじゅう）での<u>犯罪</u>が激減（げきげん）した。,はんざい,はんさい,おかすざい,おかすさい,はんざい,（Phase-3で作成）
JLPT_N1_LK_Ch_288,言語知識,文字,漢字読み,1,原材料（げんざいりょう）の高騰（こうとう）にともない、製品（せいひん）の出荷（しゅっか）<u>価格</u>が引き上げられた。,かかく,あたいかく,かこう,あたいこう,かかく,（Phase-3で作成）
JLPT_N1_LK_Ch_289,言語知識,文字,漢字読み,1,省庁（しょうちょう）の有識者（ゆうしきしゃ）会議（かいぎ）が、自然（しぜん）<u>環境</u>の保護（ほご）に関する報告書（ほうこくしょ）をまとめた。,かんきょう,かんこう,かんけい,かんごう,かんきょう,（Phase-3で作成）
JLPT_N1_LK_Ch_290,言語知識,文字,漢字読み,1,窓口（まどぐち）で必要（ひつよう）な<u>手続</u>を完了（かんりょう）させてから、書類（しょるい）をお受（う）け取（と）りください。,てつづき,てぞく,しゅづき,しゅぞく,てつづき,（Phase-3で作成）
JLPT_N1_LK_Ch_291,言語知識,文字,漢字読み,1,裁判官（さいばんかん）は、提示（ていじ）された証拠（しょうこ）をもとに公平（こうへい）な<u>判断</u>を下（くだ）した。,はんだん,ばんだん,はんたん,ばんたん,はんだん,（Phase-3で作成）
JLPT_N1_LK_Ch_292,言語知識,文字,漢字読み,1,担任（たんにん）の先生（せんせい）が、生徒（せいと）たちの精神（せいしん）的な<u>成長</u>を暖（あたた）かく見守（みまも）っている。,せいちょう,しょうちょう,せいじょう,しょうじょう,せいちょう,（Phase-3で作成）
JLPT_N1_LK_Ch_293,言語知識,文字,漢字読み,1,職場（しょくば）の労働（ろうどう）環境（かんきょう）を<u>改善</u>するため、定期（ていき）的なアンケートを実施（じっし）している。,かいぜん,かいせん,けいぜん,けいせん,かいぜん,（Phase-3で作成）
JLPT_N1_LK_Ch_294,言語知識,文字,漢字読み,1,特設（とくせつ）サイトにて、新（あたら）しい商品（しょうひん）のモニターを限定（げんてい）<u>募集</u>していますよ。,ぼしゅう,ぼすう,もしゅう,もすう,ぼしゅう,（Phase-3で作成）
JLPT_N1_LK_Ch_295,言語知識,文字,漢字読み,1,スマートフォンを使（つか）って、近（ちか）くの美味（おい）しいレストランを簡単（かんたん）に<u>検索</u>できます。,けんさく,けんそく,こんさく,こんそく,けんさく,（Phase-3で作成）
JLPT_N1_LK_Ch_296,言語知識,文字,漢字読み,1,観光（かんこう）タクシーを利用（りよう）すれば、市内（しない）の主要（しゅよう）スポットへ効率（こうりつ）よく<u>移動</u>できますよ。,いどう,いとう,ゆどう,ゆとう,いどう,（Phase-3で作成）
JLPT_N1_LK_Ch_297,言語知識,文字,漢字読み,1,国際（こくさい）会議（かいぎ）の会場（かいじょう）周辺（しゅうへん）では、警察（けいさつ）による厳重（げんじゅう）な<u>警備</u>が行（おこな）われている。,けいび,けいひ,きょうび,きょうひ,けいび,（Phase-3で作成）
JLPT_N1_LK_Ch_298,言語知識,文字,漢字読み,1,原油（げんゆ）や食料（しょくりょう）の<u>輸入</u>価格（かかく）の上昇（じょうしょう）が、家計（かけい）を圧迫（あっぱく）している。,ゆにゅう,ゆいり,とうにゅう,とういり,ゆにゅう,（Phase-3で作成）
JLPT_N1_LK_Ch_299,言語知識,文字,漢字読み,1,審議会（しんぎかい）は、地域（ちいき）活性化（かっせいか）に向（む）けた新（あたら）しい政策（せいさく）を<u>提案</u>した。,ていあん,ていいあん,だいあん,だいいあん,ていあん,（Phase-3で作成）
JLPT_N1_LK_Ch_300,言語知識,文字,漢字読み,1,オンラインでの本人（ほんにん）確認（かくにん）が<u>完了</u>しだい、カードが発送（はっそう）されます。,かんりょう,かんろう,けんりょう,けんろう,かんりょう,（Phase-3で作成）
JLPT_N1_LK_Ch_301,言語知識,文字,漢字読み,2,教授（きょうじゅ）は言語（げんご）の<u>変遷</u>に関する新しい論文を発表した。,へんせん,へんせんう,へんしん,へんそう,へんせん,（Phase-3で作成）
JLPT_N1_LK_Ch_302,言語知識,文字,漢字読み,2,経営陣（けいえいじん）は現場（げんば）の課題（かだい）を正しく<u>把握</u>している。,はあく,はこう,はさく,はいく,はあく,（Phase-3で作成）
JLPT_N1_LK_Ch_303,言語知識,文字,漢字読み,2,会社（かいしゃ）は海外（かいがい）の現地（げんち）法人（ほうじん）に専門家（せんもんか）を<u>派遣</u>した。,はけん,はかん,ばけん,はこう,はけん,（Phase-3で作成）
JLPT_N1_LK_Ch_304,言語知識,文字,漢字読み,2,彼（かれ）の絵画（かいが）作品（さくひん）は<u>繊細</u>なタッチで描かれている。,せんさい,ぜんさい,せんさいい,しんさい,せんさい,（Phase-3で作成）
JLPT_N1_LK_Ch_305,言語知識,文字,漢字読み,2,試合（しあい）の終了（しゅうりょう）と同時に観客席（かんきゃくせき）から大（おお）きな<u>歓声</u>が上がった。,かんせい,かんしょう,かんせいい,がんせい,かんせい,（Phase-3で作成）
JLPT_N1_LK_Ch_306,言語知識,文字,漢字読み,2,救助（きゅうじょ）隊員（たいいん）が海（うみ）に<u>潜水</u>して行方不明者（ゆくえふめいしゃ）を捜索（そうさく）した。,せんすい,ぜんすい,せんみず,しんすい,せんすい,（Phase-3で作成）
JLPT_N1_LK_Ch_307,言語知識,文字,漢字読み,2,被告（ひこく）側（がわ）の弁護士（べんごし）は第一審（だいいっしん）の判決（はんけつ）を不服（ふふく）として<u>控訴</u>した。,こうそ,こうしょう,きょうそ,ごうそ,こうそ,（Phase-3で作成）
JLPT_N1_LK_Ch_308,言語知識,文字,漢字読み,2,大地震（おおじしん）によって沿岸部（えんがんぶ）の建物の多くが<u>崩壊</u>した。,ほうかい,ぼうかい,ほうき,ほうかいい,ほうかい,（Phase-3で作成）
JLPT_N1_LK_Ch_309,言語知識,文字,漢字読み,2,中央（ちゅうおう）銀行（ぎんこう）は原油（げんゆ）価格（かかく）の<u>暴騰</u>を警戒している。,ぼうとう,ばくとう,ぼうちょう,ぼうとうう,ぼうとう,（Phase-3で作成）
JLPT_N1_LK_Ch_310,言語知識,文字,漢字読み,2,その区域（くいき）の防犯（ぼうはん）業務（ぎょうむ）は隣（となり）の警察署（けいさつしょ）が<u>管轄</u>している。,かんかつ,かんけい,かんかつう,くだかつ,かんかつ,（Phase-3で作成）
JLPT_N1_LK_Ch_311,言語知識,文字,漢字読み,2,医師（いし）が手術（しゅじゅつ）で患者（かんじゃ）の体（からだ）から腫瘍（しゅよう）を<u>摘出</u>した。,てきしゅつ,ちゃくしゅつ,てきだし,てきしゅつう,てきしゅつ,（Phase-3で作成）
JLPT_N1_LK_Ch_312,言語知識,文字,漢字読み,2,若者（わかもの）の道徳（どうとく）心の<u>堕落</u>を懸念（けねん）する声が上がっている。,だらく,たらく,だらくう,だろく,だらく,（Phase-3で作成）
JLPT_N1_LK_Ch_313,言語知識,文字,漢字読み,2,国連（こくれん）の機関（きかん）が両国（りょうこく）に対して直ちに（ただちに）停戦（ていせん）するよう<u>勧告</u>した。,かんこく,かんこくう,がんこく,かんごく,かんこく,（Phase-3で作成）
JLPT_N1_LK_Ch_314,言語知識,文字,漢字読み,2,この洋服（ようふく）には特殊（とくしゅ）な技術（ぎじゅつ）で加工（かこう）された化学（かがく）<u>繊維</u>が使われている。,せんい,せんぎ,ぜんい,しんい,せんい,（Phase-3で作成）
JLPT_N1_LK_Ch_315,言語知識,文字,漢字読み,2,津波（つなみ）によって沿岸（えんがん）の集落（しゅうらく）が<u>壊滅</u>的な被害（ひがい）を受けた。,かいめつ,かいめつう,えいめつ,がいめつ,かいめつ,（Phase-3で作成）
JLPT_N1_LK_Ch_316,言語知識,文字,漢字読み,2,担当者（たんとうしゃ）の調整（ちょうせい）により会議（かいぎ）の進行（しんこう）が<u>潤滑</u>になった。,じゅんかつ,じゅんこつ,じゅんかつう,じょんかつ,じゅんかつ,（Phase-3で作成）
JLPT_N1_LK_Ch_317,言語知識,文字,漢字読み,2,スピードを出して運転（うんてん）していると距離感（きょりかん）に<u>錯覚</u>が生じやすい。,さっかく,しゃっかく,さくかく,さっかくう,さっかく,（Phase-3で作成）
JLPT_N1_LK_Ch_318,言語知識,文字,漢字読み,2,市役所（しやくしょ）の職員（しょくいん）が未払い（みばらい）の税金（ぜいきん）を<u>徴収</u>するために訪問した。,ちょうしゅう,ちょうしゅ,じょうしゅう,ちょうしゅうう,ちょうしゅう,（Phase-3で作成）
JLPT_N1_LK_Ch_319,言語知識,文字,漢字読み,2,新しいインフラ整備（せいび）が地域（ちいき）経済（けいざい）の発展（はってん）に大いに<u>貢献</u>した。,こうけん,きょうけん,こうけんん,ごうけん,こうけん,（Phase-3で作成）
JLPT_N1_LK_Ch_320,言語知識,文字,漢字読み,2,従業員（じゅうぎょういん）全員（ぜんいん）が安全（あんぜん）基準（きじゅん）を<u>遵守</u>することが義務付けられている。,じゅんしゅ,じゅんじゅ,そんしゅ,じゅんしゅう,じゅんしゅ,（Phase-3で作成）
JLPT_N1_LK_Ch_321,言語知識,文字,漢字読み,2,新製品（しんせいひん）の広告（こうこく）が主要（しゅよう）な雑誌（ざっし）に<u>掲載</u>された。,けいさい,けいさいい,けいしょう,げいさい,けいさい,（Phase-3で作成）
JLPT_N1_LK_Ch_322,言語知識,文字,漢字読み,2,厳しい（きびしい）試練（しれん）を<u>克服</u>して選手（せんしゅ）たちは大きく成長（せいちょう）した。,こくふく,こくふくう,ごくふく,こくほく,こくふく,（Phase-3で作成）
JLPT_N1_LK_Ch_323,言語知識,文字,漢字読み,2,申請（しんせい）に必要な書類（しょるい）をメールに<u>添付</u>して送信（そうしん）してください。,てんぷ,てんふ,てんぷう,でんぷ,てんぷ,（Phase-3で作成）
JLPT_N1_LK_Ch_324,言語知識,文字,漢字読み,2,図書館（としょかん）の貴重（きちょう）な古文書（こもんじょ）は事前（じぜん）予約（よやく）制（せい）で<u>閲覧</u>できる。,えつらん,えつらんん,えつりん,えんらん,えつらん,（Phase-3で作成）
JLPT_N1_LK_Ch_325,言語知識,文字,漢字読み,2,当社（とうしゃ）は海外（かいがい）市場（しじょう）で大きなシェアを<u>獲得</u>することに成功した。,かくとく,かくとくう,がくとく,かくどく,かくとく,（Phase-3で作成）
JLPT_N1_LK_Ch_326,言語知識,文字,漢字読み,2,重要なパスポートを<u>紛失</u>したためすぐに大使館（たいしかん）へ連絡（れんらく）した。,ふんしつ,ふんしつう,ぶんしつ,ふんしち,ふんしつ,（Phase-3で作成）
JLPT_N1_LK_Ch_327,言語知識,文字,漢字読み,2,盗難（とうなん）された美術（びじゅつ）品（ひん）が数年（すうねん）ぶりに元の所有者（しょゆうしゃ）へ<u>返還</u>された。,へんかん,へんかんん,べんかん,へんけん,へんかん,（Phase-3で作成）
JLPT_N1_LK_Ch_328,言語知識,文字,漢字読み,2,他人（たにん）の著作（ちょさく）権（けん）を<u>侵害</u>する行為（こうい）は法律（ほうりつ）で禁止されている。,しんがい,しんかい,しんがいい,じんがい,しんがい,（Phase-3で作成）
JLPT_N1_LK_Ch_329,言語知識,文字,漢字読み,2,週刊誌（しゅうかんし）が政治家（せいじか）の不正（ふせい）資金（しきん）問題を<u>暴露</u>して話題になった。,ばくろ,ばくろう,ばくろく,ぱくろ,ばくろ,（Phase-3で作成）
JLPT_N1_LK_Ch_330,言語知識,文字,漢字読み,2,会社（かいしゃ）の所有（しょゆう）する土地（とち）を関連（かんれん）企業（きぎょう）へ<u>譲渡</u>する契約が結ばれた。,じょうと,じょうとう,ゆずりと,じょうど,じょうと,（Phase-3で作成）
JLPT_N1_LK_Ch_331,言語知識,文字,漢字読み,2,SNSを通じて誤った（あやまった）情報（じょうほう）が急激（きゅうげき）に<u>拡散</u>した。,かくさん,かくせん,こうさん,きゃくさん,かくさん,（Phase-3で作成）
JLPT_N1_LK_Ch_332,言語知識,文字,漢字読み,2,駅前（えきまえ）でしつこい<u>勧誘</u>を受けたが断った（ことわった）。,かんゆう,かんよ,かんしゅう,けんゆう,かんゆう,（Phase-3で作成）
JLPT_N1_LK_Ch_333,言語知識,文字,漢字読み,2,研究者（けんきゅうしゃ）が植物（しょくぶつ）の葉（は）から有効（ゆうこう）成分（せいぶん）を<u>抽出</u>した。,ちゅうしゅつ,ちゅうだし,ちゅうすい,しゅうしゅつ,ちゅうしゅつ,（Phase-3で作成）
JLPT_N1_LK_Ch_334,言語知識,文字,漢字読み,2,危険（きけん）な人物（じんぶつ）を会場（かいじょう）から<u>排除</u>するための措置（そち）が取られた。,はいじょ,はいち,はいぞ,ばいじょ,はいじょ,（Phase-3で作成）
JLPT_N1_LK_Ch_335,言語知識,文字,漢字読み,2,工事（こうじ）のために道路（どうろ）が一時（いちじ）的に<u>遮断</u>されている。,しゃだん,さだん,しゃとん,しゃたん,しゃだん,（Phase-3で作成）
JLPT_N1_LK_Ch_336,言語知識,文字,漢字読み,2,加熱（かねつ）により容器（ようき）の中（なか）の空気が<u>膨張</u>して破裂（はれつ）した。,ぼうちょう,ほうちょう,ぼうちょ,ぼうちょうう,ぼうちょう,（Phase-3で作成）
JLPT_N1_LK_Ch_337,言語知識,文字,漢字読み,2,山道（やまみち）で思いがけず野生（やせい）のクマに<u>遭遇</u>して肝（きも）を冷やした。,そうぐう,そうこう,そうぎょ,しょうぐう,そうぐう,（Phase-3で作成）
JLPT_N1_LK_Ch_338,言語知識,文字,漢字読み,2,警察（けいさつ）は容疑者（ようぎしゃ）の身柄（みがら）を<u>拘束</u>して取り調べ（とりしらべ）を行っている。,こうそく,くそく,こうそくう,きょうそく,こうそく,（Phase-3で作成）
JLPT_N1_LK_Ch_339,言語知識,文字,漢字読み,2,混雑（こんざつ）した電車（でんしゃ）内で財布（さいふ）を盗む（ぬすむ）<u>窃盗</u>事件（じけん）が多発している。,せっとう,せつとう,せっとうう,しっとう,せっとう,（Phase-3で作成）
JLPT_N1_LK_Ch_340,言語知識,文字,漢字読み,2,騒音（そうおん）が住民（じゅうみん）の快適（かいてき）な生活（せいかつ）を<u>阻害</u>していると主張された。,そがい,しょがい,そかつ,そかい,そがい,（Phase-3で作成）
JLPT_N1_LK_Ch_341,言語知識,文字,漢字読み,2,新市長（しんしちょう）は前任者（ぜんにんしゃ）の基本（きほん）方針（ほうしん）を<u>踏襲</u>すると宣言（せんげん）した。,とうしゅう,どしょう,ていしゅう,しょうしゅう,とうしゅう,（Phase-3で作成）
JLPT_N1_LK_Ch_342,言語知識,文字,漢字読み,2,地権者（ちけんしゃ）からの<u>承諾</u>を得（え）て道路（どうろ）の拡張（かくちょう）工事（こうじ）が始まった。,じょうたく,しょうだく,うけだく,じょうだく,しょうだく,（Phase-3で作成）
JLPT_N1_LK_Ch_343,言語知識,文字,漢字読み,2,警察（けいさつ）は容疑者（ようぎしゃ）が証拠（しょうこ）を<u>隠滅</u>する恐（おそ）れがあると判断（はんだん）した。,いんめつ,おんさい,かくれつ,えんめつ,いんめつ,（Phase-3で作成）
JLPT_N1_LK_Ch_344,言語知識,文字,漢字読み,2,専門家（せんもんか）がシステム内に<u>脆弱</u>な部分（ぶぶん）を発見（はっけん）したと報告（ほうこく）した。,きねん,ぜいじゃく,じょうじゃく,きょくじゃく,ぜいじゃく,（Phase-3で作成）
JLPT_N1_LK_Ch_345,言語知識,文字,漢字読み,2,自治体（じちたい）は被災者（ひさいしゃ）への支援（しえん）金（きん）給付（きゅうふ）を<u>迅速</u>に進（すす）めている。,じんそく,しんそく,きょうそく,しゅんそく,じんそく,（Phase-3で作成）
JLPT_N1_LK_Ch_346,言語知識,文字,漢字読み,2,市（し）の担当者（たんとうしゃ）が住宅街（じゅうたくがい）に出没（しゅつぼつ）した野生（やせい）のイノシシを<u>捕獲</u>した。,ほかく,ほこう,ふかく,とかく,ほかく,（Phase-3で作成）
JLPT_N1_LK_Ch_347,言語知識,文字,漢字読み,2,契約（けいやく）書（しょ）に違反（いはん）があったため両者（りょうしゃ）の同意（どうい）のもと条約（じょうやく）を<u>破棄</u>した。,はき,はすい,ひき,ほすい,はき,（Phase-3で作成）
JLPT_N1_LK_Ch_348,言語知識,文字,漢字読み,2,労働（ろうどう）基準（きじゅん）監督署（かんとくしょ）は不当（ふとう）に利益（りえき）を<u>搾取</u>していた企業（きぎょう）を指導（しどう）した。,しゃくしゅ,さくしゅ,しぼりとり,さくどり,さくしゅ,（Phase-3で作成）
JLPT_N1_LK_Ch_349,言語知識,文字,漢字読み,2,新（あたら）しい社長（しゃちょう）が社内（しゃない）の組織（そしき）全体（ぜんたい）を<u>掌握</u>するまでに時間を要（よう）した。,しょうあく,じょうあく,せいあく,しょうおく,しょうあく,（Phase-3で作成）
JLPT_N1_LK_Ch_350,言語知識,文字,漢字読み,2,海上（かいじょう）保安庁（ほあんちょう）の船（ふね）が沖合（おきあい）で<u>漂流</u>していた小船（こぶね）を発見（はっけん）した。,ひょうりゅう,びょうりゅう,ひょうかん,ふりゅう,ひょうりゅう,（Phase-3で作成）
JLPT_N1_LK_Ch_351,言語知識,文字,漢字読み,2,新（あたら）しい制度（せいど）の導入（どうにゅう）に際（さい）し、準備（じゅんび）不足（ぶそく）を<u>懸念</u>する声（こえ）がある。,けんねん,けねん,かんねん,ぎのん,けねん,（Phase-3で作成）
JLPT_N1_LK_Ch_352,言語知識,文字,漢字読み,2,市（し）はシステム管理（かんり）の業務（ぎょうむ）を専門（せんもん）の会社（かいしゃ）に<u>委託</u>した。,いたく,いしょく,しんたく,きたく,いたく,（Phase-3で作成）
JLPT_N1_LK_Ch_353,言語知識,文字,漢字読み,2,警察（けいさつ）隊（たい）が山中（さんちゅう）で消息（しょうそく）を絶（た）った登山（とざん）客（きゃく）を<u>捜索</u>している。,そうさく,そうさ,しゅうさく,ちゅうさく,そうさく,（Phase-3で作成）
JLPT_N1_LK_Ch_354,言語知識,文字,漢字読み,2,この一冊（いっさつ）には職人（しょくにん）が長年（ながねん）培（つちか）った技（わざ）が<u>凝縮</u>されている。,ぎょうしゅう,ぎょうしゅく,しゅうしゅく,こんしゅく,ぎょうしゅく,（Phase-3で作成）
JLPT_N1_LK_Ch_355,言語知識,文字,漢字読み,2,店主（てんしゅ）は取材（しゅざい）の申（もう）し出（で）を丁寧（ていねい）な言葉（ことば）で<u>拒絶</u>した。,きょぜつ,じのう,きょさつ,ごぜつ,きょぜつ,（Phase-3で作成）
JLPT_N1_LK_Ch_356,言語知識,文字,漢字読み,2,大手（おおて）のIT企業（きぎょう）が話題（わだい）のスタートアップを<u>買収</u>したとの情報（じょうほう）が入（はい）った。,ばいしゅう,かいしゅう,ばいしゅ,まいしゅう,ばいしゅう,（Phase-3で作成）
JLPT_N1_LK_Ch_357,言語知識,文字,漢字読み,2,治安（ちあん）維持（いじ）部隊（ぶたい）が暴動（ぼうどう）を<u>鎮圧</u>したと公式（こうしき）に発表（はっぴょう）した。,ちんあつ,ちんさく,じゅんあつ,とんあつ,ちんあつ,（Phase-3で作成）
JLPT_N1_LK_Ch_358,言語知識,文字,漢字読み,2,野党（やとう）の議員（ぎいん）たちは重要（じゅうよう）な法案（ほうあん）の採決（さいけつ）で<u>棄権</u>した。,きけん,すいけん,ようけん,きかん,きけん,（Phase-3で作成）
JLPT_N1_LK_Ch_359,言語知識,文字,漢字読み,2,市民（しみん）団体（だんたい）は言論（げんろん）の自由（じゆう）に対する<u>抑圧</u>に強（つよ）く抗議（こうぎ）した。,よくあつ,そうあつ,あつれき,よくせい,よくあつ,（Phase-3で作成）
JLPT_N1_LK_Ch_360,言語知識,文字,漢字読み,2,本（ほん）制度（せいど）の適用（てきよう）要件（ようけん）に<u>該当</u>する事業（じぎょう）主（ぬし）は申請（しんせい）書（しょ）を提出（ていしゅつ）すること。,がいとう,かとう,えいとう,がいしょう,がいとう,（Phase-3で作成）
JLPT_N1_LK_Ch_361,言語知識,文字,漢字読み,2,長（なが）い議論（ぎろん）の末（すえ）に両社（りょうしゃ）は条件（じょうけん）面（めん）で<u>妥協</u>した。,だきょう,じょうきょう,たんこう,じっこう,だきょう,（Phase-3で作成）
JLPT_N1_LK_Ch_362,言語知識,文字,漢字読み,2,他国（たこく）の内政（ないせい）に対する<u>干渉</u>は避（さ）けるべきだと報（ほう）じられた。,かんしょう,うしょう,せんしゅう,ほんしょう,かんしょう,（Phase-3で作成）
JLPT_N1_LK_Ch_363,言語知識,文字,漢字読み,2,被告（ひこく）の弁護士（べんごし）は証拠（しょうこ）が<u>捏造</u>されたものだと主張（しゅちょう）した。,ねつぞう,きゅうぞう,つぜん,しょうぞう,ねつぞう,（Phase-3で作成）
JLPT_N1_LK_Ch_364,言語知識,文字,漢字読み,2,事件（じけん）の現場（げんば）から車（くるま）で<u>逃亡</u>した容疑者（ようぎしゃ）が逮捕（たいほ）された。,とうぼう,ちょうぼう,しゅんぼう,じょうぼう,とうぼう,（Phase-3で作成）
JLPT_N1_LK_Ch_365,言語知識,文字,漢字読み,2,他社（たしゃ）の人気（にんき）商品（しょうひん）を<u>模倣</u>した製品（せいひん）が市場（しじょう）に出回（でまわ）っている。,ぼこう,もほう,ぎこう,ぶほう,もほう,（Phase-3で作成）
JLPT_N1_LK_Ch_366,言語知識,文字,漢字読み,2,彼（かれ）は豊（ゆた）かな自然（しぜん）の恵（めぐ）みを心（こころ）から<u>享受</u>している。,きょうじゅ,こうしゅう,きょたい,さいじゅ,きょうじゅ,（Phase-3で作成）
JLPT_N1_LK_Ch_367,言語知識,文字,漢字読み,2,労使（ろうし）交渉（こうしょう）が長引（ながび）いたが最終（さいしゅう）的（てき）に条件（じょうけん）が<u>妥結</u>した。,だけつ,じょうけつ,たんけつ,ちんけつ,だけつ,（Phase-3で作成）
JLPT_N1_LK_Ch_368,言語知識,文字,漢字読み,2,貴重（きちょう）な時間（じかん）と資金（しきん）を<u>浪費</u>するのは避（さ）けるべきだ。,ろうひ,じょうひ,ざんひ,ろうけい,ろうひ,（Phase-3で作成）
JLPT_N1_LK_Ch_369,言語知識,文字,漢字読み,2,幼（おさな）い子供（こども）を<u>誘拐</u>した容疑（ようぎ）で男（おとこ）が拘束（こうそく）されたとのことだ。,ゆうかい,しゅうかい,じょかい,ゆうけい,ゆうかい,（Phase-3で作成）
JLPT_N1_LK_Ch_370,言語知識,文字,漢字読み,2,家族（かぞく）を<u>扶養</u>するための手当（てあて）に関する規程（きてい）が改定（かいてい）された。,ふよう,ほうよう,じょよう,ふしょう,ふよう,（Phase-3で作成）
JLPT_N1_LK_Ch_371,言語知識,文字,漢字読み,2,企業（きぎょう）は新（あたら）しい市場（しじょう）を開拓（かいたく）するための道（みち）を<u>模索</u>している。,もさく,ぼさく,もさつ,ぼさつ,もさく,（Phase-3で作成）
JLPT_N1_LK_Ch_372,言語知識,文字,漢字読み,2,規律（きりつ）に違反（いはん）した選手（せんしゅ）の資格（しかく）が<u>剥奪</u>された。,ぼくだつ,はくだつ,ぼくたい,はくたい,はくだつ,（Phase-3で作成）
JLPT_N1_LK_Ch_373,言語知識,文字,漢字読み,2,政府（せいふ）は時代（じだい）に合わなくなった古（ふる）い規制（きせい）を<u>撤廃</u>した。,てっぱい,じょっぱい,てっかい,じょっかい,てっぱい,（Phase-3で作成）
JLPT_N1_LK_Ch_374,言語知識,文字,漢字読み,2,長引（ながび）く日照（にっしょう）りにより地域（ちいき）全体（ぜんたい）で水（みず）が<u>欠乏</u>している。,かんぼう,けつぼう,かんよう,けつよう,けつぼう,（Phase-3で作成）
JLPT_N1_LK_Ch_375,言語知識,文字,漢字読み,2,答申（とうしん）を作成（さくせい）するため審議会（しんぎかい）へ<u>諮問</u>が行（おこな）われた。,じもん,しせん,しもん,じせん,しもん,（Phase-3で作成）
JLPT_N1_LK_Ch_376,言語知識,文字,漢字読み,2,中央（ちゅうおう）銀行（ぎんこう）は急激（きゅうげき）な物価（ぶっか）の上昇（じょうしょう）を<u>抑制</u>する方針（ほうしん）だ。,よくせい,そうせい,よくしょう,そうしょう,よくせい,（Phase-3で作成）
JLPT_N1_LK_Ch_377,言語知識,文字,漢字読み,2,男（おとこ）は相手（あいて）に対して<u>露骨</u>な嫌悪（けんお）感（かん）を示（しめ）した。,ろくこつ,ろこつ,ろうこつ,ぼこつ,ろこつ,（Phase-3で作成）
JLPT_N1_LK_Ch_378,言語知識,文字,漢字読み,2,彼（かれ）は良（よ）くない現実（げんじつ）から<u>逃避</u>するために趣味（しゅみ）に没頭（ぼっとう）した。,とうひ,ちょうひ,とうじ,ちょうじ,とうひ,（Phase-3で作成）
JLPT_N1_LK_Ch_379,言語知識,文字,漢字読み,2,指導（しどう）教授（きょうじゅ）の<u>推薦</u>によって第一（だいいち）希望（きぼう）の企業（きぎょう）から内定（ないてい）を得（え）た。,さいせん,すいしょう,すいせん,さいしょう,すいせん,（Phase-3で作成）
JLPT_N1_LK_Ch_380,言語知識,文字,漢字読み,2,裁判所（さいばんしょ）は違法（いほう）に得（え）た薬物（やくぶつ）と財産（ざいさん）を<u>没収</u>した。,ぼっしゅう,もっしゅう,ぼっそう,もっそう,ぼっしゅう,（Phase-3で作成）
JLPT_N1_LK_Ch_381,言語知識,文字,漢字読み,2,資金（しきん）不足（ぶそく）によりプロジェクトの計画（けいかく）が<u>破綻</u>した。,はたん,はじょう,はてん,はれん,はたん,（Phase-3で作成）
JLPT_N1_LK_Ch_382,言語知識,文字,漢字読み,2,国連（こくれん）が紛争（ふんそう）地域（ちいき）への平和（へいわ）的（てき）な<u>介入</u>を検討（けんとう）している。,かいいり,かいにゅう,けいにゅう,けいいり,かいにゅう,（Phase-3で作成）
JLPT_N1_LK_Ch_383,言語知識,文字,漢字読み,2,企業（きぎょう）が組織（そしき）的（てき）に不正（ふせい）の証拠（しょうこ）を<u>隠蔽</u>していたことが判明（はんめい）した。,おんぺい,かくれい,いんぺい,おんれい,いんぺい,（Phase-3で作成）
JLPT_N1_LK_Ch_384,言語知識,文字,漢字読み,2,新（あたら）しいプロジェクトチームが来月（らいげつ）正式（せいしき）に<u>発足</u>する。,はっそく,はっしゃく,ほっそく,ほっしゃく,ほっそく,（Phase-3で作成）
JLPT_N1_LK_Ch_385,言語知識,文字,漢字読み,2,予算（よさん）案（あん）をめぐる議論（ぎろん）が激（はげ）しく<u>紛糾</u>した。,ふんきゅう,ふんきょう,ふんしゅう,ふんしょう,ふんきゅう,（Phase-3で作成）
JLPT_N1_LK_Ch_386,言語知識,文字,漢字読み,2,与党（よとう）は野党（やとう）の動き（うごき）を<u>牽制</u>するために新たな声明（せいめい）を出した。,けんせい,じょうせい,ぎんせい,かんせい,けんせい,（Phase-3で作成）
JLPT_N1_LK_Ch_387,言語知識,文字,漢字読み,2,地権者（ちけんしゃ）が農民（のうみん）から過度（かど）に成果（せいか）を<u>収奪</u>していたとされる。,しゅうだつ,しゅうたい,しゅうとく,しゅうさつ,しゅうだつ,（Phase-3で作成）
JLPT_N1_LK_Ch_388,言語知識,文字,漢字読み,2,裁判官（さいばんかん）は被告（ひこく）に対して実刑（じっけい）判決（はんけつ）を<u>宣告</u>した。,ぜんこく,せんこく,ぜんごく,せんごく,せんこく,（Phase-3で作成）
JLPT_N1_LK_Ch_389,言語知識,文字,漢字読み,2,被災地（ひさいち）へ<u>救援</u>物資（ぶっし）を運ぶ（はこぶ）ためのヘリコプターが到着（とうちゃく）した。,きゅうえん,きゅうかん,ぐうえん,きょえん,きゅうえん,（Phase-3で作成）
JLPT_N1_LK_Ch_390,言語知識,文字,漢字読み,2,航空機（こうくうき）が滑走路（かっそうろ）の上空（じょうくう）をゆっくり<u>旋回</u>している。,せんかい,ぜんかい,ほうかい,しょうかい,せんかい,（Phase-3で作成）
JLPT_N1_LK_Ch_391,言語知識,文字,漢字読み,2,警察（けいさつ）官（かん）は<u>威嚇</u>のために空（そら）に向（む）けて一発（いっぱつ）発砲（はっぽう）した。,いかく,いかん,いこう,いしょう,いかく,（Phase-3で作成）
JLPT_N1_LK_Ch_392,言語知識,文字,漢字読み,2,反対（はんたい）派（は）の住民（じゅうみん）に対する<u>弾圧</u>が各地（かくち）で強（つよ）まっている。,ぜんあつ,だんあつ,たんあつ,たまあつ,だんあつ,（Phase-3で作成）
JLPT_N1_LK_Ch_393,言語知識,文字,漢字読み,2,男（おとこ）は被害（ひがい）者（しゃ）を言葉（ことば）で<u>脅迫</u>した罪（つみ）で起訴（きそ）された。,おびはく,きょうさく,きょうはく,きょうさつ,きょうはく,（Phase-3で作成）
JLPT_N1_LK_Ch_394,言語知識,文字,漢字読み,2,地域（ちいき）の<u>紛争</u>を平和（へいわ）的（てき）に解決（かいけつ）するための対話（たいわ）が始まった。,ふんそう,ぶんそう,ふんしょう,ほんそう,ふんそう,（Phase-3で作成）
JLPT_N1_LK_Ch_395,言語知識,文字,漢字読み,2,組織（そしき）の<u>変革</u>を目指（めざ）して新（あたら）しいマネジメント手法（しゅほう）が導入（どうにゅう）された。,へんこう,へんかん,へんかく,へんかい,へんかく,（Phase-3で作成）
JLPT_N1_LK_Ch_396,言語知識,文字,漢字読み,2,かつて栄（さか）えた鉱山（こうざん）の町（まち）が産業（さんぎょう）の<u>衰退</u>とともに過疎（かそ）化（か）している。,あいたい,すいたい,ちゅうたい,しゅうたい,すいたい,（Phase-3で作成）
JLPT_N1_LK_Ch_397,言語知識,文字,漢字読み,2,トンネル天井（てんじょう）のコンクリートが<u>剥離</u>して落下（らっか）した事故（じこ）について調査（ちょうさ）が進（すす）んでいる。,ぼくり,はくれい,はくり,ろくり,はくり,（Phase-3で作成）
JLPT_N1_LK_Ch_398,言語知識,文字,漢字読み,2,急激（きゅうげき）な金利（きんり）引（ひ）き上（あ）げが景気（けいき）の後退（こうたい）を<u>誘発</u>する恐（おそ）れがあると専門（せんもん）家（か）が指摘（してき）した。,とうはつ,しゅうはつ,ひではつ,ゆうはつ,ゆうはつ,（Phase-3で作成）
JLPT_N1_LK_Ch_399,言語知識,文字,漢字読み,2,二国（にこく）間（かん）の貿易（ぼうえき）<u>摩擦</u>を解消（かいしょう）するための閣僚（かくりょう）級（きゅう）協議（きょうぎ）が再開（さいかい）される。,まさつ,まさい,まさく,まさち,まさつ,（Phase-3で作成）
JLPT_N1_LK_Ch_400,言語知識,文字,漢字読み,2,歴史（れきし）的（てき）建造（けんぞう）物（ぶつ）の保全（ほぜん）に関する事業（じぎょう）報告（ほうこく）書（しょ）において、貴族（きぞく）階級（かいきゅう）の<u>没落</u>とその影響（えいきょう）が論（ろん）じられている。,もつらく,ぼつりゅう,ぼっかく,ぼつらく,ぼつらく,（Phase-3で作成）
JLPT_N1_LK_Ch_401,言語知識,文字,漢字読み,2,光（ひかり）が水面（すいめん）で<u>屈折</u>する現象（げんしょう）について実験（じっけん）を行った。,くっせつ,こうせつ,くうせつ,ぐんせつ,くっせつ,（Phase-3で作成）
JLPT_N1_LK_Ch_402,言語知識,文字,漢字読み,2,市（し）の公立（こうりつ）図書館（としょかん）へ貴重（きちょう）な書籍（しょせき）が<u>寄贈</u>された。,きぞん,こうぞう,きぞう,しょうぞう,きぞう,（Phase-3で作成）
JLPT_N1_LK_Ch_403,言語知識,文字,漢字読み,2,高速（こうそく）道路（どうろ）で大型（おおがた）トラックが乗用車（じょうようしゃ）に<u>追突</u>する事故（じこ）が発生（はっせい）した。,ついとつ,おいとつ,ついでん,たいとつ,ついとつ,（Phase-3で作成）
JLPT_N1_LK_Ch_404,言語知識,文字,漢字読み,2,噴火（ふんか）の警戒（けいかい）レベルが上がり、近隣（きんりん）住民（じゅうみん）が安全（あんぜん）な場所（ばしょ）へ<u>退避</u>した。,ついひ,たいひ,たいめい,しょうひ,たいひ,（Phase-3で作成）
JLPT_N1_LK_Ch_405,言語知識,文字,漢字読み,2,他人（たにん）の所有（しょゆう）物（ぶつ）を誤（あやま）って破損（はそん）させたため、全額（ぜんがく）を<u>弁償</u>することになった。,べんしょう,べんそう,べんせん,べんちょう,べんしょう,（Phase-3で作成）
JLPT_N1_LK_Ch_406,言語知識,文字,漢字読み,2,証拠（しょうこ）不十分（ふじゅうぶん）のため、拘留（こうりゅう）されていた容疑者（ようぎしゃ）が即座（そくざ）に<u>釈放</u>された。,せきほう,しゃくほう,しゃくとう,ざくほう,しゃくほう,（Phase-3で作成）
JLPT_N1_LK_Ch_407,言語知識,文字,漢字読み,2,駅（えき）の事務（じむ）室（しつ）で<u>遺失</u>物（ぶつ）の引き渡し（ひきわたし）手続きを行（おこな）った。,いしつ,ゆいしつ,かんしつ,いそく,いしつ,（Phase-3で作成）
JLPT_N1_LK_Ch_408,言語知識,文字,漢字読み,2,新（あたら）しく設置（せっち）された監視（かんし）カメラが犯罪（はんざい）の発生（はっせい）を<u>阻止</u>した。,じょし,そし,そち,きょし,そし,（Phase-3で作成）
JLPT_N1_LK_Ch_409,言語知識,文字,漢字読み,2,経営（けいえい）の効率（こうりつ）化（か）を図る（はかる）ため、関連（かんれん）会社（かいしゃ）の<u>併合</u>が進められている。,へいごう,ほうごう,へいあわせ,べいごう,へいごう,（Phase-3で作成）
JLPT_N1_LK_Ch_410,言語知識,文字,漢字読み,2,捜査（そうさ）当局（とうきょく）は指名（しめい）手配（てはい）中の男（おとこ）がアパートに<u>潜伏</u>しているとの情報を得（え）た。,じゅんぷく,せんぷく,せんこう,じんぷく,せんぷく,（Phase-3で作成）
JLPT_N1_LK_Ch_411,言語知識,文字,漢字読み,2,警察（けいさつ）は捜索（そうさく）の際（さい）に事件（じけん）に関する重要（じゅうよう）な証拠（しょうこ）品（ひん）を<u>押収</u>した。,おうしゅう,こうしゅう,さつしゅう,おさえどり,おうしゅう,（Phase-3で作成）
JLPT_N1_LK_Ch_412,言語知識,文字,漢字読み,2,税務署（ぜいむしょ）は長年（ながねん）にわたり不正（ふせい）な取引（とりひき）を続けていた企業（きぎょう）を<u>摘発</u>した。,てきはつ,しょくはつ,ちゃくはつ,てきどう,てきはつ,（Phase-3で作成）
JLPT_N1_LK_Ch_413,言語知識,文字,漢字読み,2,事実（じじつ）を<u>歪曲</u>して伝える報道（ほうどう）に対して世論（せろん）の批判（ひはん）が集まっている。,わいきょく,ふきょく,わいこう,じんきょく,わいきょく,（Phase-3で作成）
JLPT_N1_LK_Ch_414,言語知識,文字,漢字読み,2,台風（たいふう）による高波（たかなみ）の影響（えいきょう）で海岸（かいがん）の砂浜（すなはま）が徐々に（じょじょに）<u>侵食</u>されている。,しんしょく,しんじき,いんしょく,しんそく,しんしょく,（Phase-3で作成）
JLPT_N1_LK_Ch_415,言語知識,文字,漢字読み,2,両国（りょうこく）の代表（だいひょう）者が互いに（たがいに）<u>譲歩</u>することで条約（じょうやく）が締結（ていけつ）された。,じょうほ,じょうあるき,ゆずるほ,じょうふく,じょうほ,（Phase-3で作成）
JLPT_N1_LK_Ch_416,言語知識,文字,漢字読み,2,気温（きおん）が低下（ていか）するとこの金属（きんぞく）管（かん）はわずかに<u>収縮</u>する。,しゅうしゅく,しゅうそう,おさめしゅく,しゅうのう,しゅうしゅく,（Phase-3で作成）
JLPT_N1_LK_Ch_417,言語知識,文字,漢字読み,2,計画（けいかく）の準備（じゅんび）不足（ぶそく）により組織（そしき）の弱点（じゃくてん）が<u>露呈</u>した。,ろてい,ろちょう,あらわてい,ろじょう,ろてい,（Phase-3で作成）
JLPT_N1_LK_Ch_418,言語知識,文字,漢字読み,2,防犯（ぼうはん）カメラの設置（せっち）は犯罪（はんざい）を<u>抑止</u>する効果（こうか）がある。,よくし,おさえし,そくし,よくてい,よくし,（Phase-3で作成）
JLPT_N1_LK_Ch_419,言語知識,文字,漢字読み,2,一定（いってい）の条件（じょうけん）を満たした（みたした）世帯（せたい）は住民（じゅうみん）税（ぜい）が<u>免除</u>される。,めんじょ,べんじょ,めんじ,めんよ,めんじょ,（Phase-3で作成）
JLPT_N1_LK_Ch_420,言語知識,文字,漢字読み,2,手術（しゅじゅつ）後に（ごに）麻酔（ますい）から<u>覚醒</u>した患者（かんじゃ）の容体（ようだい）は安定（あんてい）している。,かくせい,おぼえせい,かくしょう,がくしょう,かくせい,（Phase-3で作成）
JLPT_N1_LK_Ch_421,言語知識,文字,漢字読み,2,急激（きゅうげき）なインフレによって通貨（つうか）の価値（かち）が<u>減殺</u>された。,げんさい,げんさつ,げんしょく,かんさい,げんさい,（Phase-3で作成）
JLPT_N1_LK_Ch_422,言語知識,文字,漢字読み,2,市（し）の担当（たんとう）部署（ぶしょ）が危険（きけん）な空き家（あきや）を<u>撤去</u>した。,てっきょ,てっかい,じょきょ,さっきょ,てっきょ,（Phase-3で作成）
JLPT_N1_LK_Ch_423,言語知識,文字,漢字読み,2,研究（けんきゅう）チームが新薬（しんやく）の<u>開発</u>に成功（せいこう）した。,かいはつ,かいほう,かいかく,こうはつ,かいはつ,（Phase-3で作成）
JLPT_N1_LK_Ch_424,言語知識,文字,漢字読み,2,警察（けいさつ）はスピード違反（いはん）の車両（しゃりょう）を<u>追尾</u>した。,ついび,おいび,ついほう,たいび,ついび,（Phase-3で作成）
JLPT_N1_LK_Ch_425,言語知識,文字,漢字読み,2,裁判所（さいばんしょ）は容疑（ようぎ）者の身柄（みがら）を<u>勾留</u>する決定（けってい）を下（くだ）した。,こうりゅう,くりゅう,きょうりゅう,けいりゅう,こうりゅう,（Phase-3で作成）
JLPT_N1_LK_Ch_426,言語知識,文字,漢字読み,2,台風（たいふう）の接近（せっきん）に伴い（ともない）高潮（たかしお）警報（けいほう）が<u>発令</u>された。,はつれい,ほつれい,はつりょう,ほつりょう,はつれい,（Phase-3で作成）
JLPT_N1_LK_Ch_427,言語知識,文字,漢字読み,2,政府（せいふ）は輸入（ゆにゅう）制限（せいげん）措置（そち）を<u>撤回</u>すると表明（ひょうめい）した。,てっかい,てっぱい,じょかい,さっかい,てっかい,（Phase-3で作成）
JLPT_N1_LK_Ch_428,言語知識,文字,漢字読み,2,長引く（ながびく）不景気（ふけいき）で多くの企業（きぎょう）が倒産（とうさん）の<u>危機</u>に瀕して（ひんして）いる。,きき,きかい,きけい,ぎき,きき,（Phase-3で作成）
JLPT_N1_LK_Ch_429,言語知識,文字,漢字読み,2,医師（いし）が感染（かんせん）症（しょう）の拡大（かくだい）を<u>防止</u>するためのガイドラインを作成（さくせい）した。,ぼうし,ほうし,ぼうじ,ふせし,ぼうし,（Phase-3で作成）
JLPT_N1_LK_Ch_430,言語知識,文字,漢字読み,2,税金（ぜいきん）の滞納（たいのう）者（しゃ）に対して財産（ざいさん）の<u>差し押さえ</u>手続きが進められている。,さしおさえ,さししょうえ,さしえ,さしあえ,さしおさえ,（Phase-3で作成）
JLPT_N1_LK_Ch_431,言語知識,文字,漢字読み,2,近所（きんじょ）の住民（じゅうみん）たちが不審（ふしん）者の<u>侵入</u>を防ぐ（ふせぐ）ために見回り（みまわり）を始めた。,しんにゅう,しんとう,いんにゅう,しんじゅ,しんにゅう,（Phase-3で作成）
JLPT_N1_LK_Ch_432,言語知識,文字,漢字読み,2,被害者（ひがいしゃ）のグループが損害（そんがい）賠償（ばいしょう）を求める（もとめる）<u>訴訟</u>を起こした。,そしょう,しょうしょう,こうしょう,そこう,そしょう,（Phase-3で作成）
JLPT_N1_LK_Ch_433,言語知識,文字,漢字読み,2,留学生（りゅうがくせい）のチームが<u>膨大</u>な量のアンケート結果（けっか）を短時間（たんじかん）で整理（せいり）した。,ぼうだい,ほくだい,ふくだい,ちょうだい,ぼうだい,（Phase-3で作成）
JLPT_N1_LK_Ch_434,言語知識,文字,漢字読み,2,数千人（すうせんにん）を<u>収容</u>できる最新（さいしん）のコンサートホールが駅前（えきまえ）にオープンした。,しゅうよう,じゅうよう,おさめよう,しゅうこう,しゅうよう,（Phase-3で作成）
JLPT_N1_LK_Ch_435,言語知識,文字,漢字読み,2,老舗（しにせ）の職人（しょくにん）が弟子（でし）へ伝統（でんとう）の道具（どうぐ）を<u>譲与</u>する儀式（ぎしき）が話題（わだい）を呼んで（よんで）いる。,じょうよ,ゆずよ,じょうじょ,じょうしょう,じょうよ,（Phase-3で作成）
JLPT_N1_LK_Ch_436,言語知識,文字,漢字読み,2,地元（じもと）のサッカーチームが激戦（げきせん）を制し（せいし）３年ぶりに首位（しゅい）を<u>奪還</u>した。,だっかん,だっこう,とうかん,だっせん,だっかん,（Phase-3で作成）
JLPT_N1_LK_Ch_437,言語知識,文字,漢字読み,2,関係者（かんけいしゃ）の話（はなし）によると、住民（じゅうみん）は指定（してい）された高台（たかだい）へ<u>避難</u>したとのことだ。,ひなん,しなん,ひかん,さひなん,ひなん,（Phase-3で作成）
JLPT_N1_LK_Ch_438,言語知識,文字,漢字読み,2,県警（けんけい）の幹部（かんぶ）が現場（げんば）で合同（ごうどう）の<u>捜査</u>を指揮（しき）していると発表（はっぴょう）した。,そうさ,しゅうさ,そさ,ちゅうさ,そうさ,（Phase-3で作成）
JLPT_N1_LK_Ch_439,言語知識,文字,漢字読み,2,専門（せんもん）機関（きかん）による<u>鑑定</u>の結果（けっか）、現場（げんば）に残された（のこされた）薬品（やくひん）の種類（しゅるい）が特定（とくてい）された。,かんてい,けんてい,かんじょう,きんてい,かんてい,（Phase-3で作成）
JLPT_N1_LK_Ch_440,言語知識,文字,漢字読み,2,本（ほん）改正（かいせい）法律（ほうりつ）は<u>公布</u>の日（ひ）から起算（きさん）して六ヶ月（ろっかげつ）を経過（けいか）した日（ひ）から施行（しこう）する。,こうふ,くふ,きょうふ,こふ,こうふ,（Phase-3で作成）
JLPT_N1_LK_Ch_441,言語知識,文字,漢字読み,2,独裁（どくさい）政権（せいけん）に対して異議（いぎ）を唱えた（となえた）活動（かつどう）家（か）が国外（こくがい）へ<u>追放</u>された。,ついほう,おいほう,ついほうう,たいほう,ついほう,（Phase-3で作成）
JLPT_N1_LK_Ch_442,言語知識,文字,漢字読み,2,悪天候（あくてんこう）の影響（えいきょう）で、遭難（そうなん）した登山（とざん）者の捜索（そうさく）難航（なんこう）している。,なんこう,なんこうう,だんこう,なんぎょう,なんこう,（Phase-3で作成）
JLPT_N1_LK_Ch_443,言語知識,文字,漢字読み,2,適度（てきど）な運動（うんどう）をして日頃（ひごろ）のストレスを<u>発散</u>させることが大切（たいせつ）だ。,はっさん,ほっさん,はつせん,はつざん,はっさん,（Phase-3で作成）
JLPT_N1_LK_Ch_444,言語知識,文字,漢字読み,2,海岸（かいがん）に正体（しょうたい）不明（ふめい）の漂流（ひょうりゅう）物が<u>漂着</u>したため専門（せんもん）家（か）が調査（ちょうさ）に向かった（むかった）。,ひょうちゃく,ひょうじゃく,ひょうつき,たどりちゃく,ひょうちゃく,（Phase-3で作成）
JLPT_N1_LK_Ch_445,言語知識,文字,漢字読み,2,最新（さいしん）のレーダーシステムが不審（ふしん）な航空（こうくう）機の位置（いち）を正確（せいかく）に<u>捕捉</u>した。,ほそく,ほそくう,ほしょく,ほそこ,ほそく,（Phase-3で作成）
JLPT_N1_LK_Ch_446,言語知識,文字,漢字読み,2,社員（しゃいん）による内部（ないぶ）<u>告発</u>がきっかけとなり、企業（きぎょう）の不正（ふせい）会計（かいけい）が明るみ（あかるみ）に出た。,こくはつ,こくほつ,こくさつ,こくとう,こくはつ,（Phase-3で作成）
JLPT_N1_LK_Ch_447,言語知識,文字,漢字読み,2,新（あたら）しい技術（ぎじゅつ）で得た（えた）利益（りえき）を製品（せいひん）の低（てい）価格（かかく）化（か）という形で顧客（こきゃく）に<u>還元</u>する。,かんげん,かんこう,かんきん,かんけい,かんげん,（Phase-3で作成）
JLPT_N1_LK_Ch_448,言語知識,文字,漢字読み,2,市（し）は補正（ほせい）予算（よさん）の一部（いちぶ）を豪雨（ごうう）被害（ひがい）からの復旧（ふっきゅう）事業（じぎょう）に<u>充当</u>することを決定（けってい）した。,じゅうとう,じゅうどう,じゅうあて,みちとう,じゅうとう,（Phase-3で作成）
JLPT_N1_LK_Ch_449,言語知識,文字,漢字読み,2,強盗（ごうとう）事件（じけん）の現場（げんば）から車（くるま）で<u>逃走</u>した男（おとこ）の行方（ゆくえ）を捜査（そうさ）機関（きかん）が追って（おって）いる。,とうそう,とうしゅう,とうそく,にげそう,とうそう,（Phase-3で作成）
JLPT_N1_LK_Ch_450,言語知識,文字,漢字読み,2,度重なる（たびかさなる）不祥事（ふしょうじ）の責任（せきにん）を取り（とり）、最高（さいこう）責任（せきにん）者が<u>解任</u>された。,かいにん,げにん,かいれん,かいじん,かいにん,（Phase-3で作成）
